season,location,year,segment,effect,shared_athletes
7,amsterdam,2024,run1_time,-0.18440663422234582,1901
7,anaheim,2024,run1_time,0.43270811952414867,624
7,auckland,2025,run1_time,0.13601255909551524,748
7,bangkok,2025,run1_time,0.10127992540013175,1132
7,barcelona,2025,run1_time,-0.022660452998870317,1942
7,beijing,2024,run1_time,-0.0228317602922683,259
7,berlin,2025,run1_time,-0.20723263813980963,3210
7,bilbao,2025,run1_time,0.13544654262250622,812
7,birmingham,2024,run1_time,0.17279678541840693,2437
7,brisbane,2024,run1_time,-0.22886347161043286,649
7,brisbane,2025,run1_time,-0.35505503934977634,1447
7,cape-town,2024,run1_time,0.06784190441876503,266
7,chicago-navy-pier,2024,run1_time,-0.19896167562858458,877
7,ciudad-de-mexico,2024,run1_time,0.4417355190527472,471
7,copenhagen,2025,run1_time,0.1135669518031277,1257
7,dallas,2024,run1_time,0.1378766963296676,824
7,dublin,2024,run1_time,-0.2938718653337019,1554
7,frankfurt,2024,run1_time,-0.05989533741064734,1582
7,glasgow,2025,run1_time,-0.17963328199426798,3107
7,guadalajara,2025,run1_time,0.167091361163326,302
7,hamburg,2024,run1_time,0.033411311156108736,1177
7,heerenveen,2025,run1_time,-0.02222454448531419,1520
7,hong-kong,2024,run1_time,0.13522820005760128,761
7,houston,2025,run1_time,0.027873190293794314,1003
7,incheon,2024,run1_time,-0.05921111694640224,233
7,incheon,2025,run1_time,0.2468192766358872,394
7,johannesburg-i,2025,run1_time,-0.15712416701852505,873
7,johannesburg,2025,run1_time,-0.16814439113942758,873
7,karlsruhe,2025,run1_time,-0.21205826326748278,1085
7,las-vegas,2025,run1_time,0.14095860136996952,1233
7,london,2024,run1_time,0.28755993088777654,2296
7,london,2025,run1_time,0.03175988488697934,2408
7,madrid,2024,run1_time,0.21991434003182064,781
7,malaga,2025,run1_time,-0.03290395386449019,1629
7,manchester,2024,run1_time,-0.1818513320339309,1148
7,manchester,2025,run1_time,-0.20042627783714828,1340
7,marseille,2024,run1_time,0.3618267413419236,1322
7,melbourne,2024,run1_time,-0.25649896446699694,1606
7,miami-beach,2025,run1_time,-0.2458366915563287,1021
7,milan,2024,run1_time,0.2874777162934048,1252
7,monterrey,2025,run1_time,0.25744165667632957,456
7,mumbai,2025,run1_time,-0.043856353660740255,348
7,new-york,2025,run1_time,0.08146932145829511,966
7,nice,2024,run1_time,0.0978770742402344,642
7,paris,2024,run1_time,-0.05803335441666069,1384
7,paris,2025,run1_time,0.07849385844745882,2053
7,perth,2024,run1_time,0.20507312298204505,457
7,poznan,2024,run1_time,0.1536783396430641,838
7,riga,2025,run1_time,-0.09051694435430713,559
7,rimini,2025,run1_time,0.05286380134725266,1934
7,rotterdam,2025,run1_time,0.1319398625913446,2113
7,shanghai,2025,run1_time,0.14541091132629158,471
7,sharjah,2025,run1_time,-0.15940474893266998,432
7,singapore-national-stadium,2024,run1_time,0.27740612681606414,696
7,singapore,2024,run1_time,0.06110500208805658,692
7,stockholm,2024,run1_time,-0.016734735082615915,1073
7,stuttgart,2024,run1_time,0.09935913134916263,813
7,sydney,2024,run1_time,-0.1480321602915321,611
7,taipei,2025,run1_time,0.25748986857701683,583
7,toronto,2024,run1_time,0.14091100079359875,1001
7,toulouse,2025,run1_time,0.2391541579813914,1466
7,vienna,2025,run1_time,0.06029863103643773,1101
7,warsaw,2025,run1_time,-0.14525388548777196,1654
8,acapulco,2025,run1_time,0.15819772207193683,691
8,amsterdam,2026,run1_time,-0.15592765059120572,2940
8,anaheim,2025,run1_time,0.014076762622248218,1523
8,apac-championship-brisbane,2026,run1_time,-0.07513163567194048,541
8,atlanta,2025,run1_time,-0.0963166492630545,709
8,auckland,2026,run1_time,0.1688194896627826,959
8,bangkok,2026,run1_time,0.4664831002206573,2134
8,barcelona,2026,run1_time,-0.008499098771697522,1931
8,beijing,2025,run1_time,0.06529374780546893,712
8,beijing,2026,run1_time,0.1596598786123533,779
8,bengaluru,2026,run1_time,0.12323488331436594,1020
8,berlin,2026,run1_time,-0.24961825881171218,3980
8,bilbao,2026,run1_time,0.057799885297717735,1040
8,birmingham,2025,run1_time,0.16974901548048504,4132
8,bologna,2026,run1_time,-0.014604888099661983,1723
8,bordeaux,2025,run1_time,0.12145792701657832,2409
8,boston,2025,run1_time,0.24725268480425555,1580
8,brisbane,2026,run1_time,-0.06162640668038555,1302
8,buenos-aires,2026,run1_time,0.10943470102244768,185
8,cancun,2026,run1_time,-0.05719769398414598,742
8,cape-town,2025,run1_time,-0.18758817407790462,677
8,cape-town,2026,run1_time,-0.17021297995269635,677
8,chicago,2025,run1_time,-0.19053316054816893,1461
8,cologne,2026,run1_time,-0.11718392327346361,1404
8,copenhagen,2026,run1_time,0.581625657457087,1371
8,dallas,2025,run1_time,0.16296850798156282,1095
8,delhi,2025,run1_time,-0.01236914008955814,514
8,dublin,2025,run1_time,-0.3051953214907338,2440
8,emea-london-olympia,2026,run1_time,0.00194779209912177,1058
8,fortaleza,2026,run1_time,0.2162899038823829,239
8,frankfurt,2025,run1_time,-0.1132486114474679,1883
8,gdansk,2025,run1_time,-0.18805692255108897,923
8,geneva,2025,run1_time,0.147778076918881,1121
8,gent,2025,run1_time,0.0920744219993932,1607
8,glasgow,2026,run1_time,0.09386643058093003,2582
8,guadalajara,2026,run1_time,0.11993767525999943,585
8,hamburg,2025,run1_time,0.17834992538968497,2019
8,heerenveen,2026,run1_time,-0.018195717383346577,1754
8,helsinki,2026,run1_time,0.11028579876897515,802
8,hong-kong,2026,run1_time,-0.1693722354923971,1224
8,houston,2026,run1_time,0.10335298361027778,1676
8,incheon,2026,run1_time,0.27113328825814564,917
8,istanbul,2026,run1_time,0.17037634926519019,599
8,johannesburg,2025,run1_time,-0.17218057940062936,608
8,johannesburg,2026,run1_time,0.4705030634968346,460
8,katowice,2026,run1_time,0.14279567580877695,884
8,las-vegas,2026,run1_time,-0.2880514866571028,1930
8,lisboa,2026,run1_time,-0.1523885249554061,971
8,london-excel,2025,run1_time,-0.29597124523500096,5424
8,london-olympia,2026,run1_time,0.025457219394966257,2660
8,lyon,2026,run1_time,-0.2200974718858072,2288
8,maastricht,2025,run1_time,0.06844137248421789,2038
8,madrid,2025,run1_time,0.007920227383177547,2510
8,malaga,2026,run1_time,-0.03833775857471777,1676
8,manchester,2026,run1_time,-0.18976571630956418,2695
8,mechelen,2026,run1_time,-0.1253808170927848,2585
8,melbourne,2025,run1_time,-0.4026053449094765,2879
8,mexico-city,2025,run1_time,0.13822302739197578,1238
8,miami,2026,run1_time,0.17034847227094496,1670
8,monterrey,2026,run1_time,-0.12198479963582187,634
8,mumbai,2025,run1_time,-0.3930839245757247,634
8,new-york,2026,run1_time,0.10190280539706364,3620
8,nice,2026,run1_time,0.06653091493637708,1956
8,osaka,2026,run1_time,-0.3255069225146592,1048
8,oslo,2025,run1_time,-0.05726530287206,1487
8,ottawa,2026,run1_time,0.05180188843968336,1165
8,paris-gp,2026,run1_time,0.09759238118624958,2139
8,paris,2025,run1_time,-0.0569373144738059,2813
8,perth,2025,run1_time,0.14482985828680706,956
8,phoenix,2026,run1_time,0.057913934440001036,1599
8,poznan,2025,run1_time,0.05933366918882843,1476
8,puebla,2026,run1_time,-0.1370270040190017,746
8,riga,2026,run1_time,0.23323949789221388,763
8,rimini,2026,run1_time,0.0209464971690001,2018
8,rio-de-janeiro,2025,run1_time,-0.08375474067574995,418
8,rome,2025,run1_time,0.2998310183393411,2455
8,rotterdam,2026,run1_time,0.06730822916206214,2241
8,sao-paulo,2025,run1_time,0.09342167038249327,237
8,sao-paulo,2026,run1_time,0.13306339550445223,325
8,seoul,2025,run1_time,-0.13274717463057184,652
8,shanghai,2025,run1_time,0.18829762007592188,843
8,shanghai,2026,run1_time,0.17965292170593905,859
8,shenzhen,2025,run1_time,-0.11421035208746455,840
8,singapore-expo,2025,run1_time,-0.09238574763837615,1125
8,singapore,2026,run1_time,-0.1369140303478411,1049
8,st-gallen,2026,run1_time,-0.02104864592556388,2672
8,stockholm,2025,run1_time,-0.008165071086731923,1842
8,stockholm,2026,run1_time,-0.31917906096063486,1680
8,stuttgart,2025,run1_time,0.04841039266663194,1509
8,sydney,2025,run1_time,-0.08234351817211583,1780
8,taipei,2026,run1_time,0.18415709106867761,671
8,toronto,2025,run1_time,-0.05939190865263555,1551
8,toulouse,2026,run1_time,-0.1629190524301165,1717
8,turin,2026,run1_time,-0.17094404497904403,1939
8,utrecht,2025,run1_time,0.046144210534199814,1721
8,valencia,2025,run1_time,0.12326644364850936,1456
8,vancouver,2025,run1_time,-0.3792420340993766,706
8,verona,2025,run1_time,0.07618388086359751,1936
8,vienna,2026,run1_time,0.17981546106175683,196
8,warsaw,2026,run1_time,-0.16268671744638308,2100
8,washington-dc,2026,run1_time,0.3312425464635227,1026
8,wuhan,2026,run1_time,0.1464773647440023,399
9,acapulco,2026,run1_time,-0.14618553050898953,804
9,athens,2026,run1_time,0.169668801809004,594
9,bangkok,2026,run1_time,0.16993320999310724,1392
9,beijing,2026,run1_time,0.004125543800504117,973
9,cape-town,2026,run1_time,-0.18765808019495078,472
9,chengdu,2026,run1_time,-0.13284889801308908,630
9,chiba,2026,run1_time,0.10399504669860504,562
9,delhi,2026,run1_time,-0.1448996535647501,867
9,hangzhou,2026,run1_time,0.15147434773207769,591
9,istanbul,2026,run1_time,0.14870999897657078,636
9,izmir,2026,run1_time,0.1809648304878868,162
9,jakarta,2026,run1_time,0.21652343421127052,727
9,maastricht,2026,run1_time,-0.17928159886215267,1860
9,mumbai,2026,run1_time,-0.028146079019775283,1104
9,oslo,2026,run1_time,0.14970625242691682,946
9,rome,2026,run1_time,0.286204342237365,2309
9,salt-lake-city,2026,run1_time,-0.34749125880620646,982
9,shenzhen,2026,run1_time,-0.1533100307655204,744
9,sydney,2026,run1_time,-0.099929350757891,2363
9,tenerife,2026,run1_time,0.09169990959464025,682
9,washington-dc,2026,run1_time,-0.14321118205529704,2083
7,amsterdam,2024,skiErg_time,-0.01888252603530427,1901
7,anaheim,2024,skiErg_time,-0.0036060866536448133,624
7,auckland,2025,skiErg_time,-0.042499290914983945,748
7,bangkok,2025,skiErg_time,0.0018322493856119948,1132
7,barcelona,2025,skiErg_time,-0.014183957029853644,1942
7,beijing,2024,skiErg_time,0.009161987996537224,259
7,berlin,2025,skiErg_time,-0.01568127139716957,3210
7,bilbao,2025,skiErg_time,-0.016896524476269992,812
7,birmingham,2024,skiErg_time,-0.015998063053623723,2437
7,brisbane,2024,skiErg_time,-0.03700829074136147,649
7,brisbane,2025,skiErg_time,-0.03408687139641875,1447
7,cape-town,2024,skiErg_time,-0.026076291326027956,266
7,chicago-navy-pier,2024,skiErg_time,-0.010586855823918828,877
7,ciudad-de-mexico,2024,skiErg_time,0.05172535133451528,471
7,copenhagen,2025,skiErg_time,0.010247349755516,1257
7,dallas,2024,skiErg_time,0.013000752977407881,824
7,dublin,2024,skiErg_time,-0.037808332675363654,1554
7,frankfurt,2024,skiErg_time,0.03461695096478179,1582
7,glasgow,2025,skiErg_time,-0.019255075098792762,3107
7,guadalajara,2025,skiErg_time,0.011597921834812341,302
7,hamburg,2024,skiErg_time,-0.022085094129637328,1177
7,heerenveen,2025,skiErg_time,-0.020028804699689817,1520
7,hong-kong,2024,skiErg_time,-0.020854521648245528,761
7,houston,2025,skiErg_time,0.001034950438126847,1003
7,incheon,2024,skiErg_time,-0.010383025517557987,233
7,incheon,2025,skiErg_time,0.006615471169350018,394
7,johannesburg-i,2025,skiErg_time,0.007749937392464767,873
7,johannesburg,2025,skiErg_time,0.0011842441053195873,873
7,karlsruhe,2025,skiErg_time,-0.017760993741874787,1085
7,las-vegas,2025,skiErg_time,0.013693095592420601,1233
7,london,2024,skiErg_time,-0.008023414170069354,2296
7,london,2025,skiErg_time,-0.021430283465968092,2408
7,madrid,2024,skiErg_time,-0.007530516322141523,781
7,malaga,2025,skiErg_time,-0.01690899510944488,1629
7,manchester,2024,skiErg_time,-0.029977994583100465,1148
7,manchester,2025,skiErg_time,-0.02563185785724431,1340
7,marseille,2024,skiErg_time,-0.007339180910496346,1322
7,melbourne,2024,skiErg_time,-0.030273572213466493,1606
7,miami-beach,2025,skiErg_time,0.01690029103355184,1021
7,milan,2024,skiErg_time,0.00625112116035309,1252
7,monterrey,2025,skiErg_time,0.013275073455850439,456
7,mumbai,2025,skiErg_time,0.0004690883641702559,348
7,new-york,2025,skiErg_time,-8.909977782878276e-05,966
7,nice,2024,skiErg_time,-0.004989160764211298,642
7,paris,2024,skiErg_time,-0.016960813789151374,1384
7,paris,2025,skiErg_time,0.010821844566506256,2053
7,perth,2024,skiErg_time,-0.012781120165410775,457
7,poznan,2024,skiErg_time,0.0030296449343256704,838
7,riga,2025,skiErg_time,0.0037088226097028443,559
7,rimini,2025,skiErg_time,-0.013253942571772814,1934
7,rotterdam,2025,skiErg_time,-0.016019727179559795,2113
7,shanghai,2025,skiErg_time,0.03612410035598601,471
7,sharjah,2025,skiErg_time,-0.003578564372211601,432
7,singapore-national-stadium,2024,skiErg_time,0.023724807140102167,696
7,singapore,2024,skiErg_time,0.024855111518355955,692
7,stockholm,2024,skiErg_time,-0.024444335893349378,1073
7,stuttgart,2024,skiErg_time,0.007539138967762149,813
7,sydney,2024,skiErg_time,0.006005173999895197,611
7,taipei,2025,skiErg_time,0.011889021125746302,583
7,toronto,2024,skiErg_time,-0.00011764077198850309,1001
7,toulouse,2025,skiErg_time,0.006772018858629103,1466
7,vienna,2025,skiErg_time,-0.02676942356849976,1101
7,warsaw,2025,skiErg_time,-0.0038386972821555787,1654
8,acapulco,2025,skiErg_time,0.0012017924319733808,691
8,amsterdam,2026,skiErg_time,-0.01532677199197452,2940
8,anaheim,2025,skiErg_time,0.0534383207239737,1523
8,apac-championship-brisbane,2026,skiErg_time,-0.020399035487405737,541
8,atlanta,2025,skiErg_time,0.05457024030307078,709
8,auckland,2026,skiErg_time,-0.027769415546476495,959
8,bangkok,2026,skiErg_time,-0.0028613989140119367,2134
8,barcelona,2026,skiErg_time,0.031177686801287186,1931
8,beijing,2025,skiErg_time,0.0033011740913728715,712
8,beijing,2026,skiErg_time,0.005096839809163534,779
8,bengaluru,2026,skiErg_time,0.01069299720049921,1020
8,berlin,2026,skiErg_time,0.0030343816127818,3980
8,bilbao,2026,skiErg_time,0.004922366582582383,1040
8,birmingham,2025,skiErg_time,0.0028307350171346,4132
8,bologna,2026,skiErg_time,0.00010001636137091374,1723
8,bordeaux,2025,skiErg_time,-0.009121307644403998,2409
8,boston,2025,skiErg_time,0.010332818425849544,1580
8,brisbane,2026,skiErg_time,-0.014047332032027793,1302
8,buenos-aires,2026,skiErg_time,-0.023211588021959995,185
8,cancun,2026,skiErg_time,0.05019165814391591,742
8,cape-town,2025,skiErg_time,-0.018476118411584364,677
8,cape-town,2026,skiErg_time,-0.021211524107621837,677
8,chicago,2025,skiErg_time,-0.01720881521024442,1461
8,cologne,2026,skiErg_time,-0.009481951725806903,1404
8,copenhagen,2026,skiErg_time,0.019131724894277502,1371
8,dallas,2025,skiErg_time,-0.018749754776352212,1095
8,delhi,2025,skiErg_time,0.008887602560371022,514
8,dublin,2025,skiErg_time,-0.0012773987537879616,2440
8,emea-london-olympia,2026,skiErg_time,-0.019937084877659217,1058
8,fortaleza,2026,skiErg_time,-0.0027509796126747865,239
8,frankfurt,2025,skiErg_time,-0.006280602556204107,1883
8,gdansk,2025,skiErg_time,-0.03645596632018355,923
8,geneva,2025,skiErg_time,0.04805949689373601,1121
8,gent,2025,skiErg_time,0.0028516656146673203,1607
8,glasgow,2026,skiErg_time,0.007485352785349342,2582
8,guadalajara,2026,skiErg_time,0.02340535768343699,585
8,hamburg,2025,skiErg_time,-0.014086046809050567,2019
8,heerenveen,2026,skiErg_time,-0.016506799156614127,1754
8,helsinki,2026,skiErg_time,0.0005854484744636235,802
8,hong-kong,2026,skiErg_time,-0.002951371778512568,1224
8,houston,2026,skiErg_time,0.015244228347894184,1676
8,incheon,2026,skiErg_time,0.0010509826845523929,917
8,istanbul,2026,skiErg_time,-0.005634489316560964,599
8,johannesburg,2025,skiErg_time,0.048982038603804456,608
8,johannesburg,2026,skiErg_time,0.014768894431976154,460
8,katowice,2026,skiErg_time,0.002752857373386375,884
8,las-vegas,2026,skiErg_time,0.037034844914690224,1930
8,lisboa,2026,skiErg_time,0.010240483070487416,971
8,london-excel,2025,skiErg_time,0.0706959386419499,5424
8,london-olympia,2026,skiErg_time,-0.014477702125966996,2660
8,lyon,2026,skiErg_time,-0.0036315949260277147,2288
8,maastricht,2025,skiErg_time,-0.006161308094543738,2038
8,madrid,2025,skiErg_time,0.0489506188934512,2510
8,malaga,2026,skiErg_time,-0.015034612803196179,1676
8,manchester,2026,skiErg_time,-0.01630650979283721,2695
8,mechelen,2026,skiErg_time,-0.0040260089610418826,2585
8,melbourne,2025,skiErg_time,-0.013577942957005984,2879
8,mexico-city,2025,skiErg_time,0.033169096570536016,1238
8,miami,2026,skiErg_time,0.032587177386722344,1670
8,monterrey,2026,skiErg_time,0.005070150286825781,634
8,mumbai,2025,skiErg_time,-0.005419186686276611,634
8,new-york,2026,skiErg_time,-0.0019582788701654197,3620
8,nice,2026,skiErg_time,0.01509256468451392,1956
8,osaka,2026,skiErg_time,0.026076210538021005,1048
8,oslo,2025,skiErg_time,-0.020768647193061263,1487
8,ottawa,2026,skiErg_time,-0.008270446124017616,1165
8,paris-gp,2026,skiErg_time,0.007272420797616697,2139
8,paris,2025,skiErg_time,-0.013781636256334884,2813
8,perth,2025,skiErg_time,-0.0343810599380987,956
8,phoenix,2026,skiErg_time,0.00039738699377678266,1599
8,poznan,2025,skiErg_time,0.027497840229527393,1476
8,puebla,2026,skiErg_time,0.032176576507257915,746
8,riga,2026,skiErg_time,0.006767043824278618,763
8,rimini,2026,skiErg_time,-0.008978862190985981,2018
8,rio-de-janeiro,2025,skiErg_time,0.02396252428572887,418
8,rome,2025,skiErg_time,0.0037419065799519924,2455
8,rotterdam,2026,skiErg_time,0.04207094731837713,2241
8,sao-paulo,2025,skiErg_time,0.02350882354533579,237
8,sao-paulo,2026,skiErg_time,0.00574604001726442,325
8,seoul,2025,skiErg_time,-0.024098987000907623,652
8,shanghai,2025,skiErg_time,0.009112538704171946,843
8,shanghai,2026,skiErg_time,0.0032553394575811634,859
8,shenzhen,2025,skiErg_time,0.016568409329435596,840
8,singapore-expo,2025,skiErg_time,0.007758711412964692,1125
8,singapore,2026,skiErg_time,0.011815687185697588,1049
8,st-gallen,2026,skiErg_time,0.006565707469387894,2672
8,stockholm,2025,skiErg_time,-0.015063739730219572,1842
8,stockholm,2026,skiErg_time,-0.010893162484267305,1680
8,stuttgart,2025,skiErg_time,0.003087409324836976,1509
8,sydney,2025,skiErg_time,-0.024130228229530926,1780
8,taipei,2026,skiErg_time,0.020082450745047442,671
8,toronto,2025,skiErg_time,0.035366292806670696,1551
8,toulouse,2026,skiErg_time,-0.011862298801685656,1717
8,turin,2026,skiErg_time,0.0037673384061029935,1939
8,utrecht,2025,skiErg_time,-0.007509133082856834,1721
8,valencia,2025,skiErg_time,0.013568453891125376,1456
8,vancouver,2025,skiErg_time,0.006607393016675234,706
8,verona,2025,skiErg_time,-0.008729465017852989,1936
8,vienna,2026,skiErg_time,0.003085289237155564,196
8,warsaw,2026,skiErg_time,-0.01665167429750014,2100
8,washington-dc,2026,skiErg_time,0.015575631658557132,1026
8,wuhan,2026,skiErg_time,0.0029725954547088485,399
9,acapulco,2026,skiErg_time,0.005443883270582095,804
9,athens,2026,skiErg_time,-0.012229050227854144,594
9,bangkok,2026,skiErg_time,-0.0015062595481775132,1392
9,beijing,2026,skiErg_time,-0.024876842967263446,973
9,cape-town,2026,skiErg_time,-0.02000243187783657,472
9,chengdu,2026,skiErg_time,-0.013303263885416583,630
9,chiba,2026,skiErg_time,0.006973220915030831,562
9,delhi,2026,skiErg_time,-0.018442593582291944,867
9,hangzhou,2026,skiErg_time,-0.021588493995112867,591
9,istanbul,2026,skiErg_time,-0.010620934177134278,636
9,izmir,2026,skiErg_time,0.012289014592650194,162
9,jakarta,2026,skiErg_time,0.016459039166293987,727
9,maastricht,2026,skiErg_time,-0.005860641398672706,1860
9,mumbai,2026,skiErg_time,-0.013589661972345568,1104
9,oslo,2026,skiErg_time,0.0019585880201005157,946
9,rome,2026,skiErg_time,-0.004973663298488695,2309
9,salt-lake-city,2026,skiErg_time,0.03037935610689524,982
9,shenzhen,2026,skiErg_time,-0.008747780920192016,744
9,sydney,2026,skiErg_time,-0.01837643554639623,2363
9,tenerife,2026,skiErg_time,-0.010804078538283579,682
9,washington-dc,2026,skiErg_time,0.0226021512369301,2083
7,amsterdam,2024,run2_time,0.0979817662740794,1901
7,anaheim,2024,run2_time,-0.013213956190644804,624
7,auckland,2025,run2_time,-0.003643927280981396,748
7,bangkok,2025,run2_time,0.020768415017509145,1132
7,barcelona,2025,run2_time,-0.009398221465544587,1942
7,beijing,2024,run2_time,0.055823708280193785,259
7,berlin,2025,run2_time,-0.12443757893955631,3210
7,bilbao,2025,run2_time,-0.027196170971814926,812
7,birmingham,2024,run2_time,-0.022911172245507316,2437
7,brisbane,2024,run2_time,0.02777435004533091,649
7,brisbane,2025,run2_time,0.03893741568070874,1447
7,cape-town,2024,run2_time,0.02119259779218652,266
7,chicago-navy-pier,2024,run2_time,0.04199950876888803,877
7,ciudad-de-mexico,2024,run2_time,0.07714981963477374,471
7,copenhagen,2025,run2_time,-0.041064799798416485,1257
7,dallas,2024,run2_time,0.06584001908212467,824
7,dublin,2024,run2_time,0.10408484206371327,1554
7,frankfurt,2024,run2_time,0.004449002778650568,1582
7,glasgow,2025,run2_time,0.08995540200917262,3107
7,guadalajara,2025,run2_time,0.08106643531992863,302
7,hamburg,2024,run2_time,-0.02470647772065293,1177
7,heerenveen,2025,run2_time,-0.05033970514536479,1520
7,hong-kong,2024,run2_time,0.015068309213406739,761
7,houston,2025,run2_time,0.02734646235184468,1003
7,incheon,2024,run2_time,0.06107047825409295,233
7,incheon,2025,run2_time,0.010658615526345505,394
7,johannesburg-i,2025,run2_time,0.1684727737556131,873
7,johannesburg,2025,run2_time,0.15384442892270211,873
7,karlsruhe,2025,run2_time,0.08979359220091054,1085
7,las-vegas,2025,run2_time,0.03808529979116648,1233
7,london,2024,run2_time,-0.07569951169747113,2296
7,london,2025,run2_time,-0.046780397381354866,2408
7,madrid,2024,run2_time,-0.020709044188387038,781
7,malaga,2025,run2_time,0.0024412037100325357,1629
7,manchester,2024,run2_time,0.08709217471426944,1148
7,manchester,2025,run2_time,0.0457991401835951,1340
7,marseille,2024,run2_time,-0.057394699062868315,1322
7,melbourne,2024,run2_time,0.013022349347806772,1606
7,miami-beach,2025,run2_time,-0.007123004657136001,1021
7,milan,2024,run2_time,0.03735728773054592,1252
7,monterrey,2025,run2_time,0.100698819148209,456
7,mumbai,2025,run2_time,0.04622258571944515,348
7,new-york,2025,run2_time,0.0037033914567721204,966
7,nice,2024,run2_time,0.026333346980029537,642
7,paris,2024,run2_time,0.038783301370548084,1384
7,paris,2025,run2_time,-0.036429808514165885,2053
7,perth,2024,run2_time,-0.02736367900364134,457
7,poznan,2024,run2_time,-0.007514077805927943,838
7,riga,2025,run2_time,0.06596553178283826,559
7,rimini,2025,run2_time,-0.0003314541267989135,1934
7,rotterdam,2025,run2_time,0.013907140917846617,2113
7,shanghai,2025,run2_time,0.0171770114670462,471
7,sharjah,2025,run2_time,0.03220415378153674,432
7,singapore-national-stadium,2024,run2_time,0.05988976693612269,696
7,singapore,2024,run2_time,0.05391188984382023,692
7,stockholm,2024,run2_time,-0.013623191157004166,1073
7,stuttgart,2024,run2_time,-0.008105054859739003,813
7,sydney,2024,run2_time,0.040431276053464194,611
7,taipei,2025,run2_time,0.027803389796616784,583
7,toronto,2024,run2_time,-0.010955059237690246,1001
7,toulouse,2025,run2_time,0.06896602502930227,1466
7,vienna,2025,run2_time,-0.0005342448564611413,1101
7,warsaw,2025,run2_time,0.06299303233384923,1654
8,acapulco,2025,run2_time,0.05226755236507086,691
8,amsterdam,2026,run2_time,-0.012374102719630686,2940
8,anaheim,2025,run2_time,-0.001580212440768669,1523
8,apac-championship-brisbane,2026,run2_time,-0.042448664886054144,541
8,atlanta,2025,run2_time,-0.006167689923631703,709
8,auckland,2026,run2_time,0.0037587788850173,959
8,bangkok,2026,run2_time,-0.16376626883206113,2134
8,barcelona,2026,run2_time,-0.0409093585410788,1931
8,beijing,2025,run2_time,-0.019177676332084226,712
8,beijing,2026,run2_time,-0.09906037763146547,779
8,bengaluru,2026,run2_time,0.0367004610754762,1020
8,berlin,2026,run2_time,-0.23047119671080418,3980
8,bilbao,2026,run2_time,-0.0443369099298645,1040
8,birmingham,2025,run2_time,-0.046296876801787956,4132
8,bologna,2026,run2_time,-0.05311609961109953,1723
8,bordeaux,2025,run2_time,-0.06441973737645346,2409
8,boston,2025,run2_time,-0.008268303925600295,1580
8,brisbane,2026,run2_time,-0.024891021830953042,1302
8,buenos-aires,2026,run2_time,0.058059724989752315,185
8,cancun,2026,run2_time,-0.02659178445284982,742
8,cape-town,2025,run2_time,0.0923124434932634,677
8,cape-town,2026,run2_time,0.08775090957599274,677
8,chicago,2025,run2_time,0.06456276446591236,1461
8,cologne,2026,run2_time,0.03585301034867072,1404
8,copenhagen,2026,run2_time,-0.07191677953608755,1371
8,dallas,2025,run2_time,0.03454300874282845,1095
8,delhi,2025,run2_time,-0.009608447328248615,514
8,dublin,2025,run2_time,0.08811387033766627,2440
8,emea-london-olympia,2026,run2_time,-0.06348144258608568,1058
8,fortaleza,2026,run2_time,-0.02585769665822124,239
8,frankfurt,2025,run2_time,-0.010086141176790298,1883
8,gdansk,2025,run2_time,0.03162100718412564,923
8,geneva,2025,run2_time,-0.04145096073046872,1121
8,gent,2025,run2_time,-0.036118717559674884,1607
8,glasgow,2026,run2_time,0.013270275667438769,2582
8,guadalajara,2026,run2_time,0.07012729211771629,585
8,hamburg,2025,run2_time,-0.05242940163275356,2019
8,heerenveen,2026,run2_time,-0.05269309569603209,1754
8,helsinki,2026,run2_time,-0.042091718957126156,802
8,hong-kong,2026,run2_time,-0.14062954274244654,1224
8,houston,2026,run2_time,-0.019574646017257114,1676
8,incheon,2026,run2_time,-0.036522238619365655,917
8,istanbul,2026,run2_time,-0.11024116907034542,599
8,johannesburg,2025,run2_time,0.11611960922229136,608
8,johannesburg,2026,run2_time,-0.09261536182649932,460
8,katowice,2026,run2_time,0.009227376328114989,884
8,las-vegas,2026,run2_time,0.05583657307129708,1930
8,lisboa,2026,run2_time,-0.0011186466480869184,971
8,london-excel,2025,run2_time,-0.2141537211528758,5424
8,london-olympia,2026,run2_time,-0.047628324611914685,2660
8,lyon,2026,run2_time,-0.053135526583776516,2288
8,maastricht,2025,run2_time,-0.010862931841161605,2038
8,madrid,2025,run2_time,-0.0053849195499861,2510
8,malaga,2026,run2_time,-0.03640233047550767,1676
8,manchester,2026,run2_time,0.09022160242115551,2695
8,mechelen,2026,run2_time,-0.05151380771505476,2585
8,melbourne,2025,run2_time,-0.04765338960178411,2879
8,mexico-city,2025,run2_time,0.146261108121152,1238
8,miami,2026,run2_time,-0.02228658594045263,1670
8,monterrey,2026,run2_time,0.023829920362094192,634
8,mumbai,2025,run2_time,0.10012675151626493,634
8,new-york,2026,run2_time,0.006073524689727217,3620
8,nice,2026,run2_time,-0.022932444496424065,1956
8,osaka,2026,run2_time,0.06789465301412734,1048
8,oslo,2025,run2_time,0.08044573053639548,1487
8,ottawa,2026,run2_time,0.03610296297616533,1165
8,paris-gp,2026,run2_time,-0.04303908505349685,2139
8,paris,2025,run2_time,0.025987685589590193,2813
8,perth,2025,run2_time,-0.06393202028777878,956
8,phoenix,2026,run2_time,0.027411126016099185,1599
8,poznan,2025,run2_time,-0.0007684056266372696,1476
8,puebla,2026,run2_time,0.09876344760001476,746
8,riga,2026,run2_time,0.02737843093745207,763
8,rimini,2026,run2_time,-0.05052237067533438,2018
8,rio-de-janeiro,2025,run2_time,0.11945324260637014,418
8,rome,2025,run2_time,-0.0770093598269902,2455
8,rotterdam,2026,run2_time,-0.039929332977831744,2241
8,sao-paulo,2025,run2_time,0.06878585050761776,237
8,sao-paulo,2026,run2_time,0.026579930813469543,325
8,seoul,2025,run2_time,0.02922464720814899,652
8,shanghai,2025,run2_time,-0.1054631626038427,843
8,shanghai,2026,run2_time,-0.1265267425960943,859
8,shenzhen,2025,run2_time,0.06788270186408352,840
8,singapore-expo,2025,run2_time,-0.024429940814245432,1125
8,singapore,2026,run2_time,0.03510540646908589,1049
8,st-gallen,2026,run2_time,0.035632507028581895,2672
8,stockholm,2025,run2_time,-0.04411448953091812,1842
8,stockholm,2026,run2_time,0.03803835170840397,1680
8,stuttgart,2025,run2_time,-0.09257267925783275,1509
8,sydney,2025,run2_time,-0.09740721873481262,1780
8,taipei,2026,run2_time,-0.05805014236574979,671
8,toronto,2025,run2_time,0.09287605056478432,1551
8,toulouse,2026,run2_time,0.008445552078887308,1717
8,turin,2026,run2_time,-0.0003350990637374096,1939
8,utrecht,2025,run2_time,0.0638072996438952,1721
8,valencia,2025,run2_time,-0.0034756451252562215,1456
8,vancouver,2025,run2_time,0.03810075718198003,706
8,verona,2025,run2_time,-0.02486071921648636,1936
8,vienna,2026,run2_time,0.0048247420309037725,196
8,warsaw,2026,run2_time,0.03977284672585757,2100
8,washington-dc,2026,run2_time,-0.01440297899388232,1026
8,wuhan,2026,run2_time,0.015394953784076959,399
9,acapulco,2026,run2_time,-0.0007740509207647683,804
9,athens,2026,run2_time,-0.04539149827904787,594
9,bangkok,2026,run2_time,-0.10456625654948926,1392
9,beijing,2026,run2_time,-0.08020801420320423,973
9,cape-town,2026,run2_time,0.052798252353645436,472
9,chengdu,2026,run2_time,0.0661603571617757,630
9,chiba,2026,run2_time,0.05074252065776741,562
9,delhi,2026,run2_time,0.1349739462183226,867
9,hangzhou,2026,run2_time,0.05904799118011894,591
9,istanbul,2026,run2_time,-0.12197720294415137,636
9,izmir,2026,run2_time,-0.03519724799538604,162
9,jakarta,2026,run2_time,-0.07587261833008652,727
9,maastricht,2026,run2_time,-0.009836591693886065,1860
9,mumbai,2026,run2_time,0.07319238165643016,1104
9,oslo,2026,run2_time,-0.00658299700574938,946
9,rome,2026,run2_time,-0.10694600701197576,2309
9,salt-lake-city,2026,run2_time,0.04654956252002629,982
9,shenzhen,2026,run2_time,-0.09622181277555786,744
9,sydney,2026,run2_time,-0.10653092870111225,2363
9,tenerife,2026,run2_time,-0.015526888780157289,682
9,washington-dc,2026,run2_time,0.020459389357356583,2083
7,amsterdam,2024,sledPush_time,-0.17378632644205805,1901
7,anaheim,2024,sledPush_time,0.01755923649256208,624
7,auckland,2025,sledPush_time,-0.03545272106147057,748
7,bangkok,2025,sledPush_time,-0.03367012680436088,1132
7,barcelona,2025,sledPush_time,0.0852500776283851,1942
7,beijing,2024,sledPush_time,-0.2731565100082868,259
7,berlin,2025,sledPush_time,-0.036504127449193624,3210
7,bilbao,2025,sledPush_time,0.06132834404846088,812
7,birmingham,2024,sledPush_time,-0.02522365030777851,2437
7,brisbane,2024,sledPush_time,-0.10439781781631985,649
7,brisbane,2025,sledPush_time,-0.11218687739187683,1447
7,cape-town,2024,sledPush_time,-0.204104562694856,266
7,chicago-navy-pier,2024,sledPush_time,-0.011570888742613583,877
7,ciudad-de-mexico,2024,sledPush_time,-0.19311877578943382,471
7,copenhagen,2025,sledPush_time,0.025256019121696394,1257
7,dallas,2024,sledPush_time,0.03380082249661376,824
7,dublin,2024,sledPush_time,-0.06453349893769489,1554
7,frankfurt,2024,sledPush_time,-0.048445024759760424,1582
7,glasgow,2025,sledPush_time,-0.014745193819447167,3107
7,guadalajara,2025,sledPush_time,-0.05330678379727105,302
7,hamburg,2024,sledPush_time,-0.20184701969442143,1177
7,heerenveen,2025,sledPush_time,-0.035230902272791575,1520
7,hong-kong,2024,sledPush_time,-0.15207778626637114,761
7,houston,2025,sledPush_time,-0.0833991202668205,1003
7,incheon,2024,sledPush_time,-0.12472333918996459,233
7,incheon,2025,sledPush_time,0.0735114009056903,394
7,johannesburg-i,2025,sledPush_time,0.024663012655892436,873
7,johannesburg,2025,sledPush_time,0.019486341050134692,873
7,karlsruhe,2025,sledPush_time,-0.06825093677493888,1085
7,las-vegas,2025,sledPush_time,0.04721625963221632,1233
7,london,2024,sledPush_time,0.06825888441754868,2296
7,london,2025,sledPush_time,-0.03443391256271533,2408
7,madrid,2024,sledPush_time,0.06837674147273654,781
7,malaga,2025,sledPush_time,0.04908937729261176,1629
7,manchester,2024,sledPush_time,-0.13019586239608416,1148
7,manchester,2025,sledPush_time,-0.06292738416029664,1340
7,marseille,2024,sledPush_time,0.031635261369024725,1322
7,melbourne,2024,sledPush_time,-0.19095075110331994,1606
7,miami-beach,2025,sledPush_time,0.019864466109341006,1021
7,milan,2024,sledPush_time,0.06714465849017803,1252
7,monterrey,2025,sledPush_time,-0.12486299898380615,456
7,mumbai,2025,sledPush_time,-0.14108134535410977,348
7,new-york,2025,sledPush_time,-0.10265235796183936,966
7,nice,2024,sledPush_time,0.023730509672068578,642
7,paris,2024,sledPush_time,0.04034055619091048,1384
7,paris,2025,sledPush_time,-0.07428279531566673,2053
7,perth,2024,sledPush_time,-0.08158757050657217,457
7,poznan,2024,sledPush_time,-0.2369866004160348,838
7,riga,2025,sledPush_time,-0.14178151199326128,559
7,rimini,2025,sledPush_time,-0.01474956595187471,1934
7,rotterdam,2025,sledPush_time,-0.03702080468730262,2113
7,shanghai,2025,sledPush_time,-0.13812524833705309,471
7,sharjah,2025,sledPush_time,-0.12549930641358775,432
7,singapore-national-stadium,2024,sledPush_time,-0.006577276710488911,696
7,singapore,2024,sledPush_time,-0.15298261002355484,692
7,stockholm,2024,sledPush_time,-0.13026813942740745,1073
7,stuttgart,2024,sledPush_time,-0.036087745269614,813
7,sydney,2024,sledPush_time,-0.1776722739258938,611
7,taipei,2025,sledPush_time,-0.07688405150544075,583
7,toronto,2024,sledPush_time,-0.025397229006972055,1001
7,toulouse,2025,sledPush_time,0.09553847114707881,1466
7,vienna,2025,sledPush_time,-0.10173744971209031,1101
7,warsaw,2025,sledPush_time,-0.14803664221663948,1654
8,acapulco,2025,sledPush_time,0.2033541835399919,691
8,amsterdam,2026,sledPush_time,0.034918174360729415,2940
8,anaheim,2025,sledPush_time,0.10451456059349562,1523
8,apac-championship-brisbane,2026,sledPush_time,0.05183334009919238,541
8,atlanta,2025,sledPush_time,-0.003000463403839637,709
8,auckland,2026,sledPush_time,0.1550745575425525,959
8,bangkok,2026,sledPush_time,0.06265441142340555,2134
8,barcelona,2026,sledPush_time,0.11672793807876847,1931
8,beijing,2025,sledPush_time,0.11105509635279409,712
8,beijing,2026,sledPush_time,-0.02175429916513516,779
8,bengaluru,2026,sledPush_time,0.05007092342701447,1020
8,berlin,2026,sledPush_time,0.10982724705992153,3980
8,bilbao,2026,sledPush_time,0.04842102045056884,1040
8,birmingham,2025,sledPush_time,0.09117519573405586,4132
8,bologna,2026,sledPush_time,-0.008845418151561923,1723
8,bordeaux,2025,sledPush_time,0.054474204102195944,2409
8,boston,2025,sledPush_time,-0.08496438274868001,1580
8,brisbane,2026,sledPush_time,0.0380988673890188,1302
8,buenos-aires,2026,sledPush_time,-0.0737164848737285,185
8,cancun,2026,sledPush_time,0.4407672563364975,742
8,cape-town,2025,sledPush_time,0.03740037694031395,677
8,cape-town,2026,sledPush_time,0.03856198485953244,677
8,chicago,2025,sledPush_time,-0.14992513548060638,1461
8,cologne,2026,sledPush_time,0.08466488097845093,1404
8,copenhagen,2026,sledPush_time,0.025422087886167732,1371
8,dallas,2025,sledPush_time,-0.012444178186809651,1095
8,delhi,2025,sledPush_time,0.014248488926060121,514
8,dublin,2025,sledPush_time,-0.0983014807496514,2440
8,emea-london-olympia,2026,sledPush_time,-0.10820464105721483,1058
8,fortaleza,2026,sledPush_time,-0.06016522499574162,239
8,frankfurt,2025,sledPush_time,0.2324201403512125,1883
8,gdansk,2025,sledPush_time,0.04080729909623315,923
8,geneva,2025,sledPush_time,0.056342143950261825,1121
8,gent,2025,sledPush_time,0.06307751656588301,1607
8,glasgow,2026,sledPush_time,-0.007955490274018873,2582
8,guadalajara,2026,sledPush_time,0.22923300759126541,585
8,hamburg,2025,sledPush_time,0.002256096906347871,2019
8,heerenveen,2026,sledPush_time,-0.021469607749730724,1754
8,helsinki,2026,sledPush_time,-0.11072554035718207,802
8,hong-kong,2026,sledPush_time,-0.04775056878830164,1224
8,houston,2026,sledPush_time,0.07020739255656583,1676
8,incheon,2026,sledPush_time,-0.058837187820321435,917
8,istanbul,2026,sledPush_time,-0.05838251044262677,599
8,johannesburg,2025,sledPush_time,0.2478813101622055,608
8,johannesburg,2026,sledPush_time,0.012912149866409983,460
8,katowice,2026,sledPush_time,-0.11152929344940055,884
8,las-vegas,2026,sledPush_time,0.10580558590162292,1930
8,lisboa,2026,sledPush_time,0.08501244556891474,971
8,london-excel,2025,sledPush_time,-0.030002193731283877,5424
8,london-olympia,2026,sledPush_time,0.003142106763062591,2660
8,lyon,2026,sledPush_time,0.24234990887086272,2288
8,maastricht,2025,sledPush_time,-0.07018209105126427,2038
8,madrid,2025,sledPush_time,0.014103682574162946,2510
8,malaga,2026,sledPush_time,-0.019595647251651527,1676
8,manchester,2026,sledPush_time,-0.04249257353154556,2695
8,mechelen,2026,sledPush_time,-0.060316953656614936,2585
8,melbourne,2025,sledPush_time,-0.07172216840224033,2879
8,mexico-city,2025,sledPush_time,0.2071239647297931,1238
8,miami,2026,sledPush_time,0.04264390912969662,1670
8,monterrey,2026,sledPush_time,0.2596995822859045,634
8,mumbai,2025,sledPush_time,0.11074867318723758,634
8,new-york,2026,sledPush_time,0.02263490901128007,3620
8,nice,2026,sledPush_time,-0.05418661872262509,1956
8,osaka,2026,sledPush_time,0.0128937572997323,1048
8,oslo,2025,sledPush_time,-0.0826385741539809,1487
8,ottawa,2026,sledPush_time,0.03956562317710066,1165
8,paris-gp,2026,sledPush_time,-0.008091669976235005,2139
8,paris,2025,sledPush_time,0.14431666135765986,2813
8,perth,2025,sledPush_time,0.01363832584765845,956
8,phoenix,2026,sledPush_time,-0.007537415018747495,1599
8,poznan,2025,sledPush_time,-0.011275375030444734,1476
8,puebla,2026,sledPush_time,0.49198086032445176,746
8,riga,2026,sledPush_time,-0.020112689939285278,763
8,rimini,2026,sledPush_time,0.31929928562487286,2018
8,rio-de-janeiro,2025,sledPush_time,-0.045480521929424866,418
8,rome,2025,sledPush_time,-5.823064459109517e-05,2455
8,rotterdam,2026,sledPush_time,-0.040059582292663376,2241
8,sao-paulo,2025,sledPush_time,-0.0082044914529672,237
8,sao-paulo,2026,sledPush_time,-0.0008745064414070747,325
8,seoul,2025,sledPush_time,-0.17038773977872024,652
8,shanghai,2025,sledPush_time,0.03174209252699378,843
8,shanghai,2026,sledPush_time,0.18257628124003888,859
8,shenzhen,2025,sledPush_time,0.10316866653810108,840
8,singapore-expo,2025,sledPush_time,-0.017096396246147227,1125
8,singapore,2026,sledPush_time,0.15443700117678283,1049
8,st-gallen,2026,sledPush_time,0.093139202677613,2672
8,stockholm,2025,sledPush_time,-0.06014118464883922,1842
8,stockholm,2026,sledPush_time,0.03533470929342908,1680
8,stuttgart,2025,sledPush_time,-0.03285203466056541,1509
8,sydney,2025,sledPush_time,-0.18018019839619748,1780
8,taipei,2026,sledPush_time,0.02650552260585326,671
8,toronto,2025,sledPush_time,0.03559924156851535,1551
8,toulouse,2026,sledPush_time,0.03591902459173402,1717
8,turin,2026,sledPush_time,0.07188515730333633,1939
8,utrecht,2025,sledPush_time,0.25545287807521966,1721
8,valencia,2025,sledPush_time,0.1392210757978498,1456
8,vancouver,2025,sledPush_time,-0.12171757366496883,706
8,verona,2025,sledPush_time,0.020067473902618982,1936
8,vienna,2026,sledPush_time,0.11229481274263864,196
8,warsaw,2026,sledPush_time,-0.05770670353474894,2100
8,washington-dc,2026,sledPush_time,-0.01791416448923111,1026
8,wuhan,2026,sledPush_time,0.23620013804565,399
9,acapulco,2026,sledPush_time,0.08028697622250536,804
9,athens,2026,sledPush_time,-0.02248554875379316,594
9,bangkok,2026,sledPush_time,-0.00038061570737935035,1392
9,beijing,2026,sledPush_time,0.057405205962416606,973
9,cape-town,2026,sledPush_time,-0.06348322082249469,472
9,chengdu,2026,sledPush_time,-0.004859412144796904,630
9,chiba,2026,sledPush_time,-0.004798440771799362,562
9,delhi,2026,sledPush_time,-0.07016169062831068,867
9,hangzhou,2026,sledPush_time,0.13411690240809748,591
9,istanbul,2026,sledPush_time,-0.1037105911617463,636
9,izmir,2026,sledPush_time,0.16738745623159623,162
9,jakarta,2026,sledPush_time,-0.034303154076780196,727
9,maastricht,2026,sledPush_time,0.029372952121883955,1860
9,mumbai,2026,sledPush_time,0.11142158472341479,1104
9,oslo,2026,sledPush_time,0.04746528264550598,946
9,rome,2026,sledPush_time,0.152890505513247,2309
9,salt-lake-city,2026,sledPush_time,0.03636698688977602,982
9,shenzhen,2026,sledPush_time,-0.013264196587948973,744
9,sydney,2026,sledPush_time,-0.13518734944452226,2363
9,tenerife,2026,sledPush_time,0.31258911941466794,682
9,washington-dc,2026,sledPush_time,-0.012820317018899186,2083
7,amsterdam,2024,run3_time,0.07768561946075514,1901
7,anaheim,2024,run3_time,-0.0010266675073860032,624
7,auckland,2025,run3_time,0.04720278852587345,748
7,bangkok,2025,run3_time,0.029392464906598192,1132
7,barcelona,2025,run3_time,0.0005150570922920483,1942
7,beijing,2024,run3_time,0.07224488353034109,259
7,berlin,2025,run3_time,-0.13532181360088746,3210
7,bilbao,2025,run3_time,-0.019954446328077857,812
7,birmingham,2024,run3_time,-0.025308105572580786,2437
7,brisbane,2024,run3_time,0.036621055618705656,649
7,brisbane,2025,run3_time,0.05229164968994349,1447
7,cape-town,2024,run3_time,0.055374961890102936,266
7,chicago-navy-pier,2024,run3_time,0.06907589355506216,877
7,ciudad-de-mexico,2024,run3_time,0.08105886767873938,471
7,copenhagen,2025,run3_time,-0.051625543969921805,1257
7,dallas,2024,run3_time,0.059974570658681836,824
7,dublin,2024,run3_time,0.1306933338523324,1554
7,frankfurt,2024,run3_time,0.008004087998415121,1582
7,glasgow,2025,run3_time,0.08133349160403669,3107
7,guadalajara,2025,run3_time,0.07099252516202537,302
7,hamburg,2024,run3_time,-0.03296072813333106,1177
7,heerenveen,2025,run3_time,-0.05530258553922396,1520
7,hong-kong,2024,run3_time,0.030901903643198336,761
7,houston,2025,run3_time,0.03441751377417801,1003
7,incheon,2024,run3_time,0.07456034636056841,233
7,incheon,2025,run3_time,0.006737561579076123,394
7,johannesburg-i,2025,run3_time,0.19064045862946744,873
7,johannesburg,2025,run3_time,0.17357954643157258,873
7,karlsruhe,2025,run3_time,0.0814949579111306,1085
7,las-vegas,2025,run3_time,0.02363704058953986,1233
7,london,2024,run3_time,-0.07687874068721379,2296
7,london,2025,run3_time,-0.050765522194889834,2408
7,madrid,2024,run3_time,-0.008509894031066056,781
7,malaga,2025,run3_time,0.011408783377912401,1629
7,manchester,2024,run3_time,0.0763421009441907,1148
7,manchester,2025,run3_time,0.04238497725569412,1340
7,marseille,2024,run3_time,-0.05163369003272966,1322
7,melbourne,2024,run3_time,0.012128891283993859,1606
7,miami-beach,2025,run3_time,0.0028630699457701247,1021
7,milan,2024,run3_time,0.02789192234212612,1252
7,monterrey,2025,run3_time,0.08285204583615235,456
7,mumbai,2025,run3_time,0.05650540810061777,348
7,new-york,2025,run3_time,-0.01789854380048117,966
7,nice,2024,run3_time,0.044882069190379514,642
7,paris,2024,run3_time,0.04909933985222881,1384
7,paris,2025,run3_time,-0.04168698824757089,2053
7,perth,2024,run3_time,-0.027562276886959558,457
7,poznan,2024,run3_time,-0.024277224501498385,838
7,riga,2025,run3_time,0.06117276607023481,559
7,rimini,2025,run3_time,0.012071340254049767,1934
7,rotterdam,2025,run3_time,0.015326962383291676,2113
7,shanghai,2025,run3_time,0.01557064228338434,471
7,sharjah,2025,run3_time,0.030363245549300144,432
7,singapore-national-stadium,2024,run3_time,0.05569200483118042,696
7,singapore,2024,run3_time,0.06449605007582604,692
7,stockholm,2024,run3_time,-0.020442557573460918,1073
7,stuttgart,2024,run3_time,-0.012126278108547384,813
7,sydney,2024,run3_time,0.04863976708869111,611
7,taipei,2025,run3_time,0.0056956386640396595,583
7,toronto,2024,run3_time,-0.013852901667208428,1001
7,toulouse,2025,run3_time,-0.004935923334387304,1466
7,vienna,2025,run3_time,-0.0023734339046060926,1101
7,warsaw,2025,run3_time,0.05324762907697256,1654
8,acapulco,2025,run3_time,0.09199777153026578,691
8,amsterdam,2026,run3_time,-0.025738449403815644,2940
8,anaheim,2025,run3_time,0.017379251841452614,1523
8,apac-championship-brisbane,2026,run3_time,-0.010861053453063652,541
8,atlanta,2025,run3_time,0.004066320525288436,709
8,auckland,2026,run3_time,0.03629116960733514,959
8,bangkok,2026,run3_time,-0.18162176740626412,2134
8,barcelona,2026,run3_time,-0.03585828596569429,1931
8,beijing,2025,run3_time,-0.01778219910708667,712
8,beijing,2026,run3_time,-0.12274300888116374,779
8,bengaluru,2026,run3_time,0.03734186648331406,1020
8,berlin,2026,run3_time,-0.23894871712222032,3980
8,bilbao,2026,run3_time,-0.04963951572325731,1040
8,birmingham,2025,run3_time,-0.04625565428183076,4132
8,bologna,2026,run3_time,-0.052702927641166575,1723
8,bordeaux,2025,run3_time,-0.0699398381453753,2409
8,boston,2025,run3_time,-0.004928837212160753,1580
8,brisbane,2026,run3_time,-0.007708812698499767,1302
8,buenos-aires,2026,run3_time,0.03491513759543863,185
8,cancun,2026,run3_time,0.010031750759658564,742
8,cape-town,2025,run3_time,0.11519510379482623,677
8,cape-town,2026,run3_time,0.11530854821508707,677
8,chicago,2025,run3_time,0.057711960462590195,1461
8,cologne,2026,run3_time,0.027703336859872252,1404
8,copenhagen,2026,run3_time,-0.07139136484592945,1371
8,dallas,2025,run3_time,0.04118289554165866,1095
8,delhi,2025,run3_time,-0.001372743425588685,514
8,dublin,2025,run3_time,0.09080313833438236,2440
8,emea-london-olympia,2026,run3_time,-0.07803746630235986,1058
8,fortaleza,2026,run3_time,-0.019747330750596093,239
8,frankfurt,2025,run3_time,-0.008420248958188603,1883
8,gdansk,2025,run3_time,0.03765834528137213,923
8,geneva,2025,run3_time,-0.05168438120786323,1121
8,gent,2025,run3_time,-0.03182215534070609,1607
8,glasgow,2026,run3_time,0.008072078257584048,2582
8,guadalajara,2026,run3_time,0.0794380534277428,585
8,hamburg,2025,run3_time,-0.05893080271707951,2019
8,heerenveen,2026,run3_time,-0.07065871765230414,1754
8,helsinki,2026,run3_time,-0.07166729856610365,802
8,hong-kong,2026,run3_time,-0.15264926075421725,1224
8,houston,2026,run3_time,-0.01727441770026139,1676
8,incheon,2026,run3_time,-0.04665737933913894,917
8,istanbul,2026,run3_time,-0.1188928259632488,599
8,johannesburg,2025,run3_time,0.14956830823315537,608
8,johannesburg,2026,run3_time,-0.07047036294733078,460
8,katowice,2026,run3_time,0.006906648000217563,884
8,las-vegas,2026,run3_time,0.047728242526916986,1930
8,lisboa,2026,run3_time,-0.004069619239653988,971
8,london-excel,2025,run3_time,-0.22410313346695954,5424
8,london-olympia,2026,run3_time,-0.06060356125660482,2660
8,lyon,2026,run3_time,-0.046442766034033967,2288
8,maastricht,2025,run3_time,-0.019002485129899216,2038
8,madrid,2025,run3_time,-0.02293729725607563,2510
8,malaga,2026,run3_time,-0.04757414866313714,1676
8,manchester,2026,run3_time,0.09595615519855105,2695
8,mechelen,2026,run3_time,-0.060756167284659934,2585
8,melbourne,2025,run3_time,-0.05592589893975952,2879
8,mexico-city,2025,run3_time,0.15339671797136378,1238
8,miami,2026,run3_time,-0.018012488279345762,1670
8,monterrey,2026,run3_time,0.058629441636763646,634
8,mumbai,2025,run3_time,0.12529768090099958,634
8,new-york,2026,run3_time,-0.0034534093709636116,3620
8,nice,2026,run3_time,-0.02243402326956856,1956
8,osaka,2026,run3_time,0.05378046141617698,1048
8,oslo,2025,run3_time,0.07221168561872915,1487
8,ottawa,2026,run3_time,0.04072093159417012,1165
8,paris-gp,2026,run3_time,-0.05206158479050005,2139
8,paris,2025,run3_time,0.036943409535874716,2813
8,perth,2025,run3_time,-0.06213067059056232,956
8,phoenix,2026,run3_time,0.03331931053169357,1599
8,poznan,2025,run3_time,-0.003592868458492826,1476
8,puebla,2026,run3_time,0.13591411711535262,746
8,riga,2026,run3_time,0.013055332219851667,763
8,rimini,2026,run3_time,-0.03841686946084055,2018
8,rio-de-janeiro,2025,run3_time,0.0784408796370113,418
8,rome,2025,run3_time,-0.08690223340326719,2455
8,rotterdam,2026,run3_time,-0.04659349407919566,2241
8,sao-paulo,2025,run3_time,0.06610640993485717,237
8,sao-paulo,2026,run3_time,0.03284264219576172,325
8,seoul,2025,run3_time,0.01199338996282262,652
8,shanghai,2025,run3_time,-0.11374804446337605,843
8,shanghai,2026,run3_time,-0.13055612265870664,859
8,shenzhen,2025,run3_time,0.05205387359456415,840
8,singapore-expo,2025,run3_time,-0.039893017940677344,1125
8,singapore,2026,run3_time,0.03762031783839048,1049
8,st-gallen,2026,run3_time,0.050202059892842765,2672
8,stockholm,2025,run3_time,-0.05235057322653813,1842
8,stockholm,2026,run3_time,0.05063892163711081,1680
8,stuttgart,2025,run3_time,-0.08982135223514365,1509
8,sydney,2025,run3_time,-0.10409067670185868,1780
8,taipei,2026,run3_time,-0.069956566741883,671
8,toronto,2025,run3_time,0.0961345185307334,1551
8,toulouse,2026,run3_time,0.002619905336674666,1717
8,turin,2026,run3_time,-0.01326369106570291,1939
8,utrecht,2025,run3_time,0.08165658894351524,1721
8,valencia,2025,run3_time,0.007668188461701364,1456
8,vancouver,2025,run3_time,0.036704315141302235,706
8,verona,2025,run3_time,-0.02073648013063223,1936
8,vienna,2026,run3_time,0.01710941279143019,196
8,warsaw,2026,run3_time,0.023516224248313122,2100
8,washington-dc,2026,run3_time,-0.016610855570287075,1026
8,wuhan,2026,run3_time,0.002063060717845566,399
9,acapulco,2026,run3_time,0.02036441566479774,804
9,athens,2026,run3_time,-0.05591407002099791,594
9,bangkok,2026,run3_time,-0.11840240989093032,1392
9,beijing,2026,run3_time,-0.08612171660563073,973
9,cape-town,2026,run3_time,0.0644835308031142,472
9,chengdu,2026,run3_time,0.06288145277574686,630
9,chiba,2026,run3_time,0.0388906897005632,562
9,delhi,2026,run3_time,0.13274254015222953,867
9,hangzhou,2026,run3_time,0.07481812153870315,591
9,istanbul,2026,run3_time,-0.14030574718612754,636
9,izmir,2026,run3_time,-0.026289767320054835,162
9,jakarta,2026,run3_time,-0.0857338239350035,727
9,maastricht,2026,run3_time,-0.012062845611709117,1860
9,mumbai,2026,run3_time,0.092637827479217,1104
9,oslo,2026,run3_time,-0.016606229283446794,946
9,rome,2026,run3_time,-0.11353875597320229,2309
9,salt-lake-city,2026,run3_time,0.04624553391556985,982
9,shenzhen,2026,run3_time,-0.1121368880439112,744
9,sydney,2026,run3_time,-0.11760966246076832,2363
9,tenerife,2026,run3_time,-0.001435688271337665,682
9,washington-dc,2026,run3_time,0.020266067276840438,2083
7,amsterdam,2024,sledPull_time,-0.05842203549700187,1901
7,anaheim,2024,sledPull_time,0.06715316941504712,624
7,auckland,2025,sledPull_time,0.11353930270651968,748
7,bangkok,2025,sledPull_time,0.021395985606424084,1132
7,barcelona,2025,sledPull_time,0.054661955976894605,1942
7,beijing,2024,sledPull_time,-0.09107983491471283,259
7,berlin,2025,sledPull_time,-0.07258108044170974,3210
7,bilbao,2025,sledPull_time,0.09055696758661935,812
7,birmingham,2024,sledPull_time,0.05849387747109436,2437
7,brisbane,2024,sledPull_time,0.02368607291366409,649
7,brisbane,2025,sledPull_time,-0.012245232995767408,1447
7,cape-town,2024,sledPull_time,0.07065729799359755,266
7,chicago-navy-pier,2024,sledPull_time,-0.022761411017378164,877
7,ciudad-de-mexico,2024,sledPull_time,0.09257262787233045,471
7,copenhagen,2025,sledPull_time,-0.06920761496399663,1257
7,dallas,2024,sledPull_time,0.043957931010732976,824
7,dublin,2024,sledPull_time,0.014111042500898119,1554
7,frankfurt,2024,sledPull_time,0.03994832978430907,1582
7,glasgow,2025,sledPull_time,-0.04769041570822885,3107
7,guadalajara,2025,sledPull_time,0.09270868284767664,302
7,hamburg,2024,sledPull_time,-0.0576460414265052,1177
7,heerenveen,2025,sledPull_time,0.04801886868150396,1520
7,hong-kong,2024,sledPull_time,0.005480311676722804,761
7,houston,2025,sledPull_time,0.08043682124641016,1003
7,incheon,2024,sledPull_time,-0.03511401649736601,233
7,incheon,2025,sledPull_time,0.11626403646038042,394
7,johannesburg-i,2025,sledPull_time,0.1580822996852651,873
7,johannesburg,2025,sledPull_time,0.13087214171064931,873
7,karlsruhe,2025,sledPull_time,0.05282906105825558,1085
7,las-vegas,2025,sledPull_time,0.011902028155865052,1233
7,london,2024,sledPull_time,0.09004346844250244,2296
7,london,2025,sledPull_time,-0.0622177575583448,2408
7,madrid,2024,sledPull_time,0.07442100834355525,781
7,malaga,2025,sledPull_time,-0.006195745329321545,1629
7,manchester,2024,sledPull_time,-0.028425139775843822,1148
7,manchester,2025,sledPull_time,0.016090572254796376,1340
7,marseille,2024,sledPull_time,0.137608567606889,1322
7,melbourne,2024,sledPull_time,0.07452559654357405,1606
7,miami-beach,2025,sledPull_time,0.15024598675030676,1021
7,milan,2024,sledPull_time,0.2289361107055754,1252
7,monterrey,2025,sledPull_time,0.03024411720883413,456
7,mumbai,2025,sledPull_time,-0.021327456940942624,348
7,new-york,2025,sledPull_time,-0.15660805867770422,966
7,nice,2024,sledPull_time,0.3067276137787316,642
7,paris,2024,sledPull_time,0.16721246843020143,1384
7,paris,2025,sledPull_time,-0.035942933420005985,2053
7,perth,2024,sledPull_time,-0.015025559316907078,457
7,poznan,2024,sledPull_time,-0.04116496091018862,838
7,riga,2025,sledPull_time,-0.0389882138372305,559
7,rimini,2025,sledPull_time,0.02567066313638766,1934
7,rotterdam,2025,sledPull_time,0.0914965728754853,2113
7,shanghai,2025,sledPull_time,0.09326131244026103,471
7,sharjah,2025,sledPull_time,-0.050419632135292214,432
7,singapore-national-stadium,2024,sledPull_time,0.15464289576246348,696
7,singapore,2024,sledPull_time,0.05608805934116767,692
7,stockholm,2024,sledPull_time,0.0064461897973855375,1073
7,stuttgart,2024,sledPull_time,0.11603019263235526,813
7,sydney,2024,sledPull_time,0.08051763347339169,611
7,taipei,2025,sledPull_time,0.13078490082746597,583
7,toronto,2024,sledPull_time,0.05838020407824418,1001
7,toulouse,2025,sledPull_time,0.18432607046329852,1466
7,vienna,2025,sledPull_time,-0.052562575971795256,1101
7,warsaw,2025,sledPull_time,-0.06390743581040881,1654
8,acapulco,2025,sledPull_time,0.13376871321276873,691
8,amsterdam,2026,sledPull_time,0.004552959117706257,2940
8,anaheim,2025,sledPull_time,0.0805625429832797,1523
8,apac-championship-brisbane,2026,sledPull_time,-0.0060676131817395396,541
8,atlanta,2025,sledPull_time,0.0837609479173902,709
8,auckland,2026,sledPull_time,0.06348504437158842,959
8,bangkok,2026,sledPull_time,-0.02654987109130924,2134
8,barcelona,2026,sledPull_time,-0.07046458222041252,1931
8,beijing,2025,sledPull_time,0.059027898082046226,712
8,beijing,2026,sledPull_time,-0.12880373671770295,779
8,bengaluru,2026,sledPull_time,-0.0217835001213581,1020
8,berlin,2026,sledPull_time,-0.10340482236053172,3980
8,bilbao,2026,sledPull_time,-0.03429762913055501,1040
8,birmingham,2025,sledPull_time,0.0598345675797507,4132
8,bologna,2026,sledPull_time,-0.11745888185044129,1723
8,bordeaux,2025,sledPull_time,-0.037795718122620614,2409
8,boston,2025,sledPull_time,0.05734240337308538,1580
8,brisbane,2026,sledPull_time,-0.0020677566737677955,1302
8,buenos-aires,2026,sledPull_time,-0.139627681925786,185
8,cancun,2026,sledPull_time,0.20775338555314216,742
8,cape-town,2025,sledPull_time,0.07678428610631571,677
8,cape-town,2026,sledPull_time,0.03044987244659092,677
8,chicago,2025,sledPull_time,0.0005067592289222933,1461
8,cologne,2026,sledPull_time,-0.06899325407355739,1404
8,copenhagen,2026,sledPull_time,-0.050191752411922974,1371
8,dallas,2025,sledPull_time,0.01732820772974142,1095
8,delhi,2025,sledPull_time,0.04668848961035277,514
8,dublin,2025,sledPull_time,-0.023306995790051244,2440
8,emea-london-olympia,2026,sledPull_time,-0.10448961816609781,1058
8,fortaleza,2026,sledPull_time,-0.04068938054166893,239
8,frankfurt,2025,sledPull_time,0.0250454197502743,1883
8,gdansk,2025,sledPull_time,-0.006729363400596378,923
8,geneva,2025,sledPull_time,0.09222749599554203,1121
8,gent,2025,sledPull_time,0.05738049385912891,1607
8,glasgow,2026,sledPull_time,-0.10339317218457478,2582
8,guadalajara,2026,sledPull_time,0.0806410349660871,585
8,hamburg,2025,sledPull_time,-0.00442338457495195,2019
8,heerenveen,2026,sledPull_time,-0.10933070580335202,1754
8,helsinki,2026,sledPull_time,-0.14321970330742728,802
8,hong-kong,2026,sledPull_time,-0.11330797982857654,1224
8,houston,2026,sledPull_time,0.08757655174626411,1676
8,incheon,2026,sledPull_time,-0.034079609908117425,917
8,istanbul,2026,sledPull_time,-0.05310581439413076,599
8,johannesburg,2025,sledPull_time,0.1542980772594298,608
8,johannesburg,2026,sledPull_time,0.04176061263435149,460
8,katowice,2026,sledPull_time,-0.08545967988189407,884
8,las-vegas,2026,sledPull_time,-0.014791610039727066,1930
8,lisboa,2026,sledPull_time,-0.00038876776523533163,971
8,london-excel,2025,sledPull_time,0.007548094523811111,5424
8,london-olympia,2026,sledPull_time,-0.10601661370592574,2660
8,lyon,2026,sledPull_time,0.058201323417789386,2288
8,maastricht,2025,sledPull_time,0.12303613589061468,2038
8,madrid,2025,sledPull_time,-0.027918182598933083,2510
8,malaga,2026,sledPull_time,-0.04494095878762727,1676
8,manchester,2026,sledPull_time,-0.03256199825132522,2695
8,mechelen,2026,sledPull_time,-0.06788872868390239,2585
8,melbourne,2025,sledPull_time,-0.0040013744426541376,2879
8,mexico-city,2025,sledPull_time,0.06806691586881963,1238
8,miami,2026,sledPull_time,0.08393144572172817,1670
8,monterrey,2026,sledPull_time,0.09395197318958703,634
8,mumbai,2025,sledPull_time,0.0034202691389038087,634
8,new-york,2026,sledPull_time,-0.05765029851743342,3620
8,nice,2026,sledPull_time,-0.02323003498286469,1956
8,osaka,2026,sledPull_time,-0.09746661217031993,1048
8,oslo,2025,sledPull_time,-0.020006276864944383,1487
8,ottawa,2026,sledPull_time,0.0002731694170396981,1165
8,paris-gp,2026,sledPull_time,-0.17008995491887646,2139
8,paris,2025,sledPull_time,0.10543849308899556,2813
8,perth,2025,sledPull_time,0.04720518828665066,956
8,phoenix,2026,sledPull_time,-0.06270795492785608,1599
8,poznan,2025,sledPull_time,-0.004675067651938369,1476
8,puebla,2026,sledPull_time,0.16864232800737522,746
8,riga,2026,sledPull_time,-0.10894562458050783,763
8,rimini,2026,sledPull_time,0.05605031783022407,2018
8,rio-de-janeiro,2025,sledPull_time,0.0008078939726767764,418
8,rome,2025,sledPull_time,0.06843217959244252,2455
8,rotterdam,2026,sledPull_time,-0.06170129147169923,2241
8,sao-paulo,2025,sledPull_time,0.11161405792618773,237
8,sao-paulo,2026,sledPull_time,-0.04409653834853011,325
8,seoul,2025,sledPull_time,-0.043809332417027336,652
8,shanghai,2025,sledPull_time,-0.037321676426023354,843
8,shanghai,2026,sledPull_time,-0.042743258927722905,859
8,shenzhen,2025,sledPull_time,-0.020253064061955817,840
8,singapore-expo,2025,sledPull_time,-0.06614624743115993,1125
8,singapore,2026,sledPull_time,-0.04882880059716077,1049
8,st-gallen,2026,sledPull_time,0.11463529210404988,2672
8,stockholm,2025,sledPull_time,-0.045431159773215324,1842
8,stockholm,2026,sledPull_time,-0.04757860523195101,1680
8,stuttgart,2025,sledPull_time,0.0322239444664536,1509
8,sydney,2025,sledPull_time,0.012111427091018978,1780
8,taipei,2026,sledPull_time,-0.06070158712635043,671
8,toronto,2025,sledPull_time,0.07372697285251051,1551
8,toulouse,2026,sledPull_time,-0.014463036465341195,1717
8,turin,2026,sledPull_time,0.05296229294422372,1939
8,utrecht,2025,sledPull_time,0.05326326145067095,1721
8,valencia,2025,sledPull_time,0.06471080187496714,1456
8,vancouver,2025,sledPull_time,-0.006455167792748684,706
8,verona,2025,sledPull_time,-0.03205285367563859,1936
8,vienna,2026,sledPull_time,-0.06229333117803604,196
8,warsaw,2026,sledPull_time,-0.13153457329373908,2100
8,washington-dc,2026,sledPull_time,0.05037898209952907,1026
8,wuhan,2026,sledPull_time,-0.012252221344929204,399
9,acapulco,2026,sledPull_time,0.0015914654259712169,804
9,athens,2026,sledPull_time,-0.07403994041680817,594
9,bangkok,2026,sledPull_time,-0.17260332711041304,1392
9,beijing,2026,sledPull_time,-0.1995915696410484,973
9,cape-town,2026,sledPull_time,-0.08144339016153879,472
9,chengdu,2026,sledPull_time,-0.10259020540902242,630
9,chiba,2026,sledPull_time,-0.1043841287659657,562
9,delhi,2026,sledPull_time,-0.02228063311058981,867
9,hangzhou,2026,sledPull_time,-0.047869670489500304,591
9,istanbul,2026,sledPull_time,-0.10995552337965786,636
9,izmir,2026,sledPull_time,-0.042552337958884134,162
9,jakarta,2026,sledPull_time,-0.12425590625833594,727
9,maastricht,2026,sledPull_time,-0.0431923039817782,1860
9,mumbai,2026,sledPull_time,-0.09587982048622823,1104
9,oslo,2026,sledPull_time,-0.08104774692921313,946
9,rome,2026,sledPull_time,-0.050153321054546396,2309
9,salt-lake-city,2026,sledPull_time,-0.03729546899190672,982
9,shenzhen,2026,sledPull_time,-0.11732521131728024,744
9,sydney,2026,sledPull_time,-0.11538244211041238,2363
9,tenerife,2026,sledPull_time,0.05299880737222673,682
9,washington-dc,2026,sledPull_time,-0.06969526797191006,2083
7,amsterdam,2024,run4_time,0.08344734484853711,1901
7,anaheim,2024,run4_time,-0.013663220144816468,624
7,auckland,2025,run4_time,0.05478168434596942,748
7,bangkok,2025,run4_time,0.024212094526622874,1132
7,barcelona,2025,run4_time,0.0009462879436612504,1942
7,beijing,2024,run4_time,0.053985552301173856,259
7,berlin,2025,run4_time,-0.13116580902074937,3210
7,bilbao,2025,run4_time,-0.011325582315969585,812
7,birmingham,2024,run4_time,-0.022712512658816908,2437
7,brisbane,2024,run4_time,0.034803774845881374,649
7,brisbane,2025,run4_time,0.05401818689881299,1447
7,cape-town,2024,run4_time,0.05424634102288928,266
7,chicago-navy-pier,2024,run4_time,0.058636673490329416,877
7,ciudad-de-mexico,2024,run4_time,0.07535519415278613,471
7,copenhagen,2025,run4_time,-0.057392366024044184,1257
7,dallas,2024,run4_time,0.05783584055312718,824
7,dublin,2024,run4_time,0.1269686038777691,1554
7,frankfurt,2024,run4_time,0.00627229901441928,1582
7,glasgow,2025,run4_time,0.07611499847350656,3107
7,guadalajara,2025,run4_time,0.07691445478788128,302
7,hamburg,2024,run4_time,-0.026624964848881882,1177
7,heerenveen,2025,run4_time,-0.04584844845233493,1520
7,hong-kong,2024,run4_time,0.03271894647680407,761
7,houston,2025,run4_time,0.04021577660325182,1003
7,incheon,2024,run4_time,0.0697399041640574,233
7,incheon,2025,run4_time,0.005136896244338773,394
7,johannesburg-i,2025,run4_time,0.17035104438744297,873
7,johannesburg,2025,run4_time,0.15446020349392064,873
7,karlsruhe,2025,run4_time,0.08088993676538969,1085
7,las-vegas,2025,run4_time,0.0265521527718815,1233
7,london,2024,run4_time,-0.07140876907287086,2296
7,london,2025,run4_time,-0.05087705691596123,2408
7,madrid,2024,run4_time,-0.00999919243069547,781
7,malaga,2025,run4_time,0.00740507223335185,1629
7,manchester,2024,run4_time,0.07515507722767878,1148
7,manchester,2025,run4_time,0.058950547252491825,1340
7,marseille,2024,run4_time,-0.06193489883467984,1322
7,melbourne,2024,run4_time,0.01812387316524422,1606
7,miami-beach,2025,run4_time,0.01136631507118735,1021
7,milan,2024,run4_time,0.04270966305067381,1252
7,monterrey,2025,run4_time,0.0946604899392054,456
7,mumbai,2025,run4_time,0.04914335081336674,348
7,new-york,2025,run4_time,-0.0024647129416862645,966
7,nice,2024,run4_time,0.04798374171632602,642
7,paris,2024,run4_time,0.043171853555598494,1384
7,paris,2025,run4_time,-0.04470644058558482,2053
7,perth,2024,run4_time,-0.02137163013790544,457
7,poznan,2024,run4_time,-0.013271190107075892,838
7,riga,2025,run4_time,0.07323277256095562,559
7,rimini,2025,run4_time,0.01389101373120849,1934
7,rotterdam,2025,run4_time,0.017650411649387854,2113
7,shanghai,2025,run4_time,0.02159593901848833,471
7,sharjah,2025,run4_time,0.02878005014145324,432
7,singapore-national-stadium,2024,run4_time,0.05327013216112686,696
7,singapore,2024,run4_time,0.062535993320465,692
7,stockholm,2024,run4_time,-0.016889543476493185,1073
7,stuttgart,2024,run4_time,-0.009748130543430822,813
7,sydney,2024,run4_time,0.04411725090828278,611
7,taipei,2025,run4_time,0.019810262245970156,583
7,toronto,2024,run4_time,-0.012935438157179568,1001
7,toulouse,2025,run4_time,-0.007268940247820654,1466
7,vienna,2025,run4_time,-0.004918146507868926,1101
7,warsaw,2025,run4_time,0.050969719137162084,1654
8,acapulco,2025,run4_time,0.07225945709762205,691
8,amsterdam,2026,run4_time,-0.024667891696411592,2940
8,anaheim,2025,run4_time,0.015044961632545206,1523
8,apac-championship-brisbane,2026,run4_time,-0.01954480518268642,541
8,atlanta,2025,run4_time,0.0022981464868343515,709
8,auckland,2026,run4_time,0.04691272529550661,959
8,bangkok,2026,run4_time,-0.1762138365226964,2134
8,barcelona,2026,run4_time,-0.03935811555925883,1931
8,beijing,2025,run4_time,-0.021202949560877538,712
8,beijing,2026,run4_time,-0.11728262244350851,779
8,bengaluru,2026,run4_time,0.031387734204161744,1020
8,berlin,2026,run4_time,-0.23315360574547628,3980
8,bilbao,2026,run4_time,-0.04601206271373248,1040
8,birmingham,2025,run4_time,-0.04540935394956591,4132
8,bologna,2026,run4_time,-0.05915427454801381,1723
8,bordeaux,2025,run4_time,-0.07252015780479626,2409
8,boston,2025,run4_time,-0.008866740815345442,1580
8,brisbane,2026,run4_time,-0.011632596933503159,1302
8,buenos-aires,2026,run4_time,0.03416826645455728,185
8,cancun,2026,run4_time,0.04189496508101964,742
8,cape-town,2025,run4_time,0.0950756963312398,677
8,cape-town,2026,run4_time,0.09263967152594343,677
8,chicago,2025,run4_time,0.06667029676442149,1461
8,cologne,2026,run4_time,0.02346102832053476,1404
8,copenhagen,2026,run4_time,-0.07352543496835895,1371
8,dallas,2025,run4_time,0.03881736600479613,1095
8,delhi,2025,run4_time,-0.010204262806082998,514
8,dublin,2025,run4_time,0.09427594518259919,2440
8,emea-london-olympia,2026,run4_time,-0.07595833797831619,1058
8,fortaleza,2026,run4_time,-0.0260294567722954,239
8,frankfurt,2025,run4_time,-0.014667588065974124,1883
8,gdansk,2025,run4_time,0.026878237049061005,923
8,geneva,2025,run4_time,-0.051427688313401054,1121
8,gent,2025,run4_time,-0.03414502449248569,1607
8,glasgow,2026,run4_time,0.007705759138074919,2582
8,guadalajara,2026,run4_time,0.06708433350165377,585
8,hamburg,2025,run4_time,-0.06453735227846069,2019
8,heerenveen,2026,run4_time,-0.06802698577685673,1754
8,helsinki,2026,run4_time,-0.07280218809910866,802
8,hong-kong,2026,run4_time,-0.14699130249653458,1224
8,houston,2026,run4_time,-0.014790705006749394,1676
8,incheon,2026,run4_time,-0.052887033881918066,917
8,istanbul,2026,run4_time,-0.1145386619896086,599
8,johannesburg,2025,run4_time,0.13059930669725262,608
8,johannesburg,2026,run4_time,-0.0876187308225358,460
8,katowice,2026,run4_time,0.006927069333684033,884
8,las-vegas,2026,run4_time,0.048567901991686036,1930
8,lisboa,2026,run4_time,0.0067974776687749205,971
8,london-excel,2025,run4_time,-0.2178966983678179,5424
8,london-olympia,2026,run4_time,-0.06336087079003716,2660
8,lyon,2026,run4_time,-0.0483104990644736,2288
8,maastricht,2025,run4_time,-0.00359984552477699,2038
8,madrid,2025,run4_time,-0.02204052548383184,2510
8,malaga,2026,run4_time,-0.035947132830259965,1676
8,manchester,2026,run4_time,0.09778081333909405,2695
8,mechelen,2026,run4_time,-0.05686963779495613,2585
8,melbourne,2025,run4_time,-0.050535578058886754,2879
8,mexico-city,2025,run4_time,0.14530997785028,1238
8,miami,2026,run4_time,-0.013890652001568471,1670
8,monterrey,2026,run4_time,0.05488105074721439,634
8,mumbai,2025,run4_time,0.11267495871732325,634
8,new-york,2026,run4_time,0.005740207644184148,3620
8,nice,2026,run4_time,-0.023440119650395275,1956
8,osaka,2026,run4_time,0.04981442010248349,1048
8,oslo,2025,run4_time,0.06764349595374153,1487
8,ottawa,2026,run4_time,0.03682479093098889,1165
8,paris-gp,2026,run4_time,-0.05302552996751808,2139
8,paris,2025,run4_time,0.03135394601685637,2813
8,perth,2025,run4_time,-0.05850183291643263,956
8,phoenix,2026,run4_time,0.027171583297596058,1599
8,poznan,2025,run4_time,-0.0026861883436551937,1476
8,puebla,2026,run4_time,0.13144394252352432,746
8,riga,2026,run4_time,0.006846714273162524,763
8,rimini,2026,run4_time,-0.037019940705401266,2018
8,rio-de-janeiro,2025,run4_time,0.08456100658880095,418
8,rome,2025,run4_time,-0.0764099127999679,2455
8,rotterdam,2026,run4_time,-0.03975359143259105,2241
8,sao-paulo,2025,run4_time,0.06941321607024853,237
8,sao-paulo,2026,run4_time,0.032475181569492584,325
8,seoul,2025,run4_time,0.012996770187394535,652
8,shanghai,2025,run4_time,-0.11623591768439478,843
8,shanghai,2026,run4_time,-0.12534850256086916,859
8,shenzhen,2025,run4_time,0.044262749932770795,840
8,singapore-expo,2025,run4_time,-0.03565710998247518,1125
8,singapore,2026,run4_time,0.041208249640911854,1049
8,st-gallen,2026,run4_time,0.05086521983927339,2672
8,stockholm,2025,run4_time,-0.05079543340534087,1842
8,stockholm,2026,run4_time,0.05110381088633442,1680
8,stuttgart,2025,run4_time,-0.08935272005632278,1509
8,sydney,2025,run4_time,-0.09330149556231138,1780
8,taipei,2026,run4_time,-0.07200311821703143,671
8,toronto,2025,run4_time,0.09858701336453835,1551
8,toulouse,2026,run4_time,-0.004695808615165165,1717
8,turin,2026,run4_time,-0.008456125725053942,1939
8,utrecht,2025,run4_time,0.0744200720011976,1721
8,valencia,2025,run4_time,0.0031942586271851425,1456
8,vancouver,2025,run4_time,0.04974370818507601,706
8,verona,2025,run4_time,-0.02205679314959552,1936
8,vienna,2026,run4_time,0.014490868061574513,196
8,warsaw,2026,run4_time,0.01671011254664645,2100
8,washington-dc,2026,run4_time,-0.004930200179892763,1026
8,wuhan,2026,run4_time,0.002587510255970704,399
9,acapulco,2026,run4_time,0.02627472970602951,804
9,athens,2026,run4_time,-0.055906172328200276,594
9,bangkok,2026,run4_time,-0.11812680311336554,1392
9,beijing,2026,run4_time,-0.0854858272720389,973
9,cape-town,2026,run4_time,0.05571575170942955,472
9,chengdu,2026,run4_time,0.06013072838849487,630
9,chiba,2026,run4_time,0.03748142142923028,562
9,delhi,2026,run4_time,0.12173491013339266,867
9,hangzhou,2026,run4_time,0.07344652139711494,591
9,istanbul,2026,run4_time,-0.1365072950926458,636
9,izmir,2026,run4_time,-0.02947816053536667,162
9,jakarta,2026,run4_time,-0.08338729596473016,727
9,maastricht,2026,run4_time,-0.010907017900348315,1860
9,mumbai,2026,run4_time,0.07771681579335366,1104
9,oslo,2026,run4_time,-0.024242129908501053,946
9,rome,2026,run4_time,-0.10683250531977617,2309
9,salt-lake-city,2026,run4_time,0.046991176847190674,982
9,shenzhen,2026,run4_time,-0.10138551716942679,744
9,sydney,2026,run4_time,-0.1126510996567911,2363
9,tenerife,2026,run4_time,0.010444102862702698,682
9,washington-dc,2026,run4_time,0.016628077698195964,2083
7,amsterdam,2024,burpeeBroadJump_time,0.007000838378167673,1901
7,anaheim,2024,burpeeBroadJump_time,0.019989659543568683,624
7,auckland,2025,burpeeBroadJump_time,0.10301478437278799,748
7,bangkok,2025,burpeeBroadJump_time,-0.03156076361986315,1132
7,barcelona,2025,burpeeBroadJump_time,-0.006140002271337597,1942
7,beijing,2024,burpeeBroadJump_time,-0.0445308544947145,259
7,berlin,2025,burpeeBroadJump_time,-0.023710815301115407,3210
7,bilbao,2025,burpeeBroadJump_time,-0.007456310721222992,812
7,birmingham,2024,burpeeBroadJump_time,0.06571228313623467,2437
7,brisbane,2024,burpeeBroadJump_time,-0.0020134977850073676,649
7,brisbane,2025,burpeeBroadJump_time,0.02310675289567876,1447
7,cape-town,2024,burpeeBroadJump_time,0.10138704315249525,266
7,chicago-navy-pier,2024,burpeeBroadJump_time,0.021201818841223963,877
7,ciudad-de-mexico,2024,burpeeBroadJump_time,0.18806808386053508,471
7,copenhagen,2025,burpeeBroadJump_time,-0.07989937887047449,1257
7,dallas,2024,burpeeBroadJump_time,-0.09122149245962463,824
7,dublin,2024,burpeeBroadJump_time,0.04077127805483882,1554
7,frankfurt,2024,burpeeBroadJump_time,0.008575128753604,1582
7,glasgow,2025,burpeeBroadJump_time,-0.021849281886363592,3107
7,guadalajara,2025,burpeeBroadJump_time,0.05319947804387426,302
7,hamburg,2024,burpeeBroadJump_time,-0.0004896122039270701,1177
7,heerenveen,2025,burpeeBroadJump_time,0.02172366024824779,1520
7,hong-kong,2024,burpeeBroadJump_time,0.040977381799329304,761
7,houston,2025,burpeeBroadJump_time,0.1050360108561812,1003
7,incheon,2024,burpeeBroadJump_time,-0.019188642102173747,233
7,incheon,2025,burpeeBroadJump_time,-0.03058692902002469,394
7,johannesburg-i,2025,burpeeBroadJump_time,0.2300511352017831,873
7,johannesburg,2025,burpeeBroadJump_time,0.19863359150820514,873
7,karlsruhe,2025,burpeeBroadJump_time,0.011960569017946954,1085
7,las-vegas,2025,burpeeBroadJump_time,0.06504235972942052,1233
7,london,2024,burpeeBroadJump_time,0.05684744248356699,2296
7,london,2025,burpeeBroadJump_time,-0.03631510524536519,2408
7,madrid,2024,burpeeBroadJump_time,0.04725385247422764,781
7,malaga,2025,burpeeBroadJump_time,-0.012497098915287164,1629
7,manchester,2024,burpeeBroadJump_time,0.009631934654897423,1148
7,manchester,2025,burpeeBroadJump_time,0.0037660765934739437,1340
7,marseille,2024,burpeeBroadJump_time,0.015793978324626146,1322
7,melbourne,2024,burpeeBroadJump_time,-0.016016537164679878,1606
7,miami-beach,2025,burpeeBroadJump_time,0.015378758252953428,1021
7,milan,2024,burpeeBroadJump_time,0.11987623154681226,1252
7,monterrey,2025,burpeeBroadJump_time,-0.003920686254118344,456
7,mumbai,2025,burpeeBroadJump_time,-0.04976561130699675,348
7,new-york,2025,burpeeBroadJump_time,-0.01793184735644837,966
7,nice,2024,burpeeBroadJump_time,0.05566082146914986,642
7,paris,2024,burpeeBroadJump_time,0.07648847719468344,1384
7,paris,2025,burpeeBroadJump_time,0.09443975777417246,2053
7,perth,2024,burpeeBroadJump_time,0.05899109872221131,457
7,poznan,2024,burpeeBroadJump_time,0.06926810998067823,838
7,riga,2025,burpeeBroadJump_time,0.010319054066747047,559
7,rimini,2025,burpeeBroadJump_time,0.05871025540280694,1934
7,rotterdam,2025,burpeeBroadJump_time,0.03481546172084182,2113
7,shanghai,2025,burpeeBroadJump_time,0.007476083708351622,471
7,sharjah,2025,burpeeBroadJump_time,0.03362120895771237,432
7,singapore-national-stadium,2024,burpeeBroadJump_time,0.018053768923049773,696
7,singapore,2024,burpeeBroadJump_time,-0.04383210642716795,692
7,stockholm,2024,burpeeBroadJump_time,0.0459660556244037,1073
7,stuttgart,2024,burpeeBroadJump_time,0.05607638871644727,813
7,sydney,2024,burpeeBroadJump_time,-0.005236523504084989,611
7,taipei,2025,burpeeBroadJump_time,0.044237872239436093,583
7,toronto,2024,burpeeBroadJump_time,0.03144068180344384,1001
7,toulouse,2025,burpeeBroadJump_time,0.04671677768798976,1466
7,vienna,2025,burpeeBroadJump_time,-0.010129276398280762,1101
7,warsaw,2025,burpeeBroadJump_time,0.0031325951544256547,1654
8,acapulco,2025,burpeeBroadJump_time,0.0627209768730006,691
8,amsterdam,2026,burpeeBroadJump_time,-0.04221193423687497,2940
8,anaheim,2025,burpeeBroadJump_time,0.04326356046604829,1523
8,apac-championship-brisbane,2026,burpeeBroadJump_time,0.004380585508861223,541
8,atlanta,2025,burpeeBroadJump_time,-0.016181055396854993,709
8,auckland,2026,burpeeBroadJump_time,0.060588439878214384,959
8,bangkok,2026,burpeeBroadJump_time,0.016400821475903493,2134
8,barcelona,2026,burpeeBroadJump_time,-0.0781696013764197,1931
8,beijing,2025,burpeeBroadJump_time,-0.010255851085350653,712
8,beijing,2026,burpeeBroadJump_time,-0.051892488767694034,779
8,bengaluru,2026,burpeeBroadJump_time,-0.033892801591704824,1020
8,berlin,2026,burpeeBroadJump_time,-0.02135499560716192,3980
8,bilbao,2026,burpeeBroadJump_time,-0.04330657842817376,1040
8,birmingham,2025,burpeeBroadJump_time,-0.00729953107880732,4132
8,bologna,2026,burpeeBroadJump_time,-0.06874553845379061,1723
8,bordeaux,2025,burpeeBroadJump_time,0.0007362226910574421,2409
8,boston,2025,burpeeBroadJump_time,-0.010049679945401624,1580
8,brisbane,2026,burpeeBroadJump_time,0.0012516598647223098,1302
8,buenos-aires,2026,burpeeBroadJump_time,-0.11132527847202767,185
8,cancun,2026,burpeeBroadJump_time,0.23146019491139747,742
8,cape-town,2025,burpeeBroadJump_time,0.03652105632205993,677
8,cape-town,2026,burpeeBroadJump_time,0.021410136604529617,677
8,chicago,2025,burpeeBroadJump_time,0.06371325255207783,1461
8,cologne,2026,burpeeBroadJump_time,-0.04295087525500807,1404
8,copenhagen,2026,burpeeBroadJump_time,-0.04417582117440033,1371
8,dallas,2025,burpeeBroadJump_time,0.017529230673747787,1095
8,delhi,2025,burpeeBroadJump_time,-0.02610939100282761,514
8,dublin,2025,burpeeBroadJump_time,-0.01947109038765016,2440
8,emea-london-olympia,2026,burpeeBroadJump_time,-0.06959577211908863,1058
8,fortaleza,2026,burpeeBroadJump_time,0.043477733864151435,239
8,frankfurt,2025,burpeeBroadJump_time,-0.03221548449652445,1883
8,gdansk,2025,burpeeBroadJump_time,-0.01996545713569975,923
8,geneva,2025,burpeeBroadJump_time,-0.013044702825907195,1121
8,gent,2025,burpeeBroadJump_time,-0.02456773204398699,1607
8,glasgow,2026,burpeeBroadJump_time,-0.04644742937714519,2582
8,guadalajara,2026,burpeeBroadJump_time,0.05896843222902115,585
8,hamburg,2025,burpeeBroadJump_time,-0.02490012583207768,2019
8,heerenveen,2026,burpeeBroadJump_time,-0.029139945527843936,1754
8,helsinki,2026,burpeeBroadJump_time,-0.09673139797625874,802
8,hong-kong,2026,burpeeBroadJump_time,-0.0042247921330016425,1224
8,houston,2026,burpeeBroadJump_time,-0.05942820784853731,1676
8,incheon,2026,burpeeBroadJump_time,-0.08156489035732062,917
8,istanbul,2026,burpeeBroadJump_time,-0.10161673426241669,599
8,johannesburg,2025,burpeeBroadJump_time,0.16727386041097692,608
8,johannesburg,2026,burpeeBroadJump_time,0.11381923085685264,460
8,katowice,2026,burpeeBroadJump_time,-0.025297598785593234,884
8,las-vegas,2026,burpeeBroadJump_time,-0.031531030554555084,1930
8,lisboa,2026,burpeeBroadJump_time,-0.027159897735485994,971
8,london-excel,2025,burpeeBroadJump_time,-0.0375224435802084,5424
8,london-olympia,2026,burpeeBroadJump_time,-0.05930266637769743,2660
8,lyon,2026,burpeeBroadJump_time,-0.03064093699159698,2288
8,maastricht,2025,burpeeBroadJump_time,0.08213993632856176,2038
8,madrid,2025,burpeeBroadJump_time,0.03307414131619746,2510
8,malaga,2026,burpeeBroadJump_time,-0.04066917135830028,1676
8,manchester,2026,burpeeBroadJump_time,-0.021672632942563497,2695
8,mechelen,2026,burpeeBroadJump_time,-0.01224214113273614,2585
8,melbourne,2025,burpeeBroadJump_time,-0.0614769556855137,2879
8,mexico-city,2025,burpeeBroadJump_time,0.17018881974421918,1238
8,miami,2026,burpeeBroadJump_time,-0.01197584412373598,1670
8,monterrey,2026,burpeeBroadJump_time,0.03728513012818535,634
8,mumbai,2025,burpeeBroadJump_time,0.008588610970318156,634
8,new-york,2026,burpeeBroadJump_time,-0.008080985437300403,3620
8,nice,2026,burpeeBroadJump_time,-0.00039403882347488484,1956
8,osaka,2026,burpeeBroadJump_time,-0.021888071049853464,1048
8,oslo,2025,burpeeBroadJump_time,-0.03178218386732201,1487
8,ottawa,2026,burpeeBroadJump_time,0.00654862478674767,1165
8,paris-gp,2026,burpeeBroadJump_time,0.05749715348211759,2139
8,paris,2025,burpeeBroadJump_time,0.038257171426966385,2813
8,perth,2025,burpeeBroadJump_time,0.04627414569772115,956
8,phoenix,2026,burpeeBroadJump_time,0.05705624706572321,1599
8,poznan,2025,burpeeBroadJump_time,0.012414855176387407,1476
8,puebla,2026,burpeeBroadJump_time,0.17664644011298458,746
8,riga,2026,burpeeBroadJump_time,-0.19832864806534467,763
8,rimini,2026,burpeeBroadJump_time,0.013248465199720005,2018
8,rio-de-janeiro,2025,burpeeBroadJump_time,-0.03173328690152877,418
8,rome,2025,burpeeBroadJump_time,0.007100225086627665,2455
8,rotterdam,2026,burpeeBroadJump_time,-0.015709100946534882,2241
8,sao-paulo,2025,burpeeBroadJump_time,0.12679334441315704,237
8,sao-paulo,2026,burpeeBroadJump_time,-0.02451760150759319,325
8,seoul,2025,burpeeBroadJump_time,-0.07544145211014341,652
8,shanghai,2025,burpeeBroadJump_time,-0.052913834867040044,843
8,shanghai,2026,burpeeBroadJump_time,-0.03751156053414095,859
8,shenzhen,2025,burpeeBroadJump_time,-0.06191086517263167,840
8,singapore-expo,2025,burpeeBroadJump_time,-0.00971066521809727,1125
8,singapore,2026,burpeeBroadJump_time,-0.0008506827485342816,1049
8,st-gallen,2026,burpeeBroadJump_time,0.07817122606166027,2672
8,stockholm,2025,burpeeBroadJump_time,-0.01052679162972725,1842
8,stockholm,2026,burpeeBroadJump_time,-0.08524988063191874,1680
8,stuttgart,2025,burpeeBroadJump_time,0.013630116458254182,1509
8,sydney,2025,burpeeBroadJump_time,0.029581795534059374,1780
8,taipei,2026,burpeeBroadJump_time,-0.022612029547472545,671
8,toronto,2025,burpeeBroadJump_time,0.0319508227227574,1551
8,toulouse,2026,burpeeBroadJump_time,-0.03067190133059361,1717
8,turin,2026,burpeeBroadJump_time,-0.05498848106839005,1939
8,utrecht,2025,burpeeBroadJump_time,0.010665695464737945,1721
8,valencia,2025,burpeeBroadJump_time,-0.02886113422376746,1456
8,vancouver,2025,burpeeBroadJump_time,-0.07215856812708232,706
8,verona,2025,burpeeBroadJump_time,-0.04028666351593169,1936
8,vienna,2026,burpeeBroadJump_time,-0.033606018633214885,196
8,warsaw,2026,burpeeBroadJump_time,-0.07342350133841513,2100
8,washington-dc,2026,burpeeBroadJump_time,0.016047765622891896,1026
8,wuhan,2026,burpeeBroadJump_time,-0.0021197730815715188,399
9,acapulco,2026,burpeeBroadJump_time,0.05254599211651079,804
9,athens,2026,burpeeBroadJump_time,-0.039938894956974114,594
9,bangkok,2026,burpeeBroadJump_time,-0.049674168589742385,1392
9,beijing,2026,burpeeBroadJump_time,-0.07455556263709862,973
9,cape-town,2026,burpeeBroadJump_time,-0.04288105040912704,472
9,chengdu,2026,burpeeBroadJump_time,0.010562793037703688,630
9,chiba,2026,burpeeBroadJump_time,-0.07100217856483337,562
9,delhi,2026,burpeeBroadJump_time,-0.021649845137334478,867
9,hangzhou,2026,burpeeBroadJump_time,-0.02637900823564654,591
9,istanbul,2026,burpeeBroadJump_time,-0.11954586562412484,636
9,izmir,2026,burpeeBroadJump_time,-0.07542841832591496,162
9,jakarta,2026,burpeeBroadJump_time,-0.07893705148113905,727
9,maastricht,2026,burpeeBroadJump_time,-0.005923666639443437,1860
9,mumbai,2026,burpeeBroadJump_time,-0.10784971294984724,1104
9,oslo,2026,burpeeBroadJump_time,-0.04856383240014994,946
9,rome,2026,burpeeBroadJump_time,0.0006324439990510466,2309
9,salt-lake-city,2026,burpeeBroadJump_time,-0.10495616642417926,982
9,shenzhen,2026,burpeeBroadJump_time,-0.014789609251923186,744
9,sydney,2026,burpeeBroadJump_time,0.008052271732919225,2363
9,tenerife,2026,burpeeBroadJump_time,0.0497048746433455,682
9,washington-dc,2026,burpeeBroadJump_time,-0.02870282699621829,2083
7,amsterdam,2024,run5_time,0.08488493036135214,1901
7,anaheim,2024,run5_time,-0.00842408929984606,624
7,auckland,2025,run5_time,0.06597478389659273,748
7,bangkok,2025,run5_time,0.022570547450197598,1132
7,barcelona,2025,run5_time,-0.011812840248054068,1942
7,beijing,2024,run5_time,0.07243828969608357,259
7,berlin,2025,run5_time,-0.13438100293847222,3210
7,bilbao,2025,run5_time,-0.011492726584623192,812
7,birmingham,2024,run5_time,-0.02071398383889289,2437
7,brisbane,2024,run5_time,0.04482215169135051,649
7,brisbane,2025,run5_time,0.056691808699123714,1447
7,cape-town,2024,run5_time,0.047924890195182535,266
7,chicago-navy-pier,2024,run5_time,0.05975375731216559,877
7,ciudad-de-mexico,2024,run5_time,0.1022850831792137,471
7,copenhagen,2025,run5_time,-0.05591705325848839,1257
7,dallas,2024,run5_time,0.07815028714763494,824
7,dublin,2024,run5_time,0.1281599707034362,1554
7,frankfurt,2024,run5_time,-0.00015298776082972587,1582
7,glasgow,2025,run5_time,0.08670148379184472,3107
7,guadalajara,2025,run5_time,0.08737924787504636,302
7,hamburg,2024,run5_time,-0.04106040705061986,1177
7,heerenveen,2025,run5_time,-0.03652156871501966,1520
7,hong-kong,2024,run5_time,0.028169951450336406,761
7,houston,2025,run5_time,0.04350912530305684,1003
7,incheon,2024,run5_time,0.07730662897394147,233
7,incheon,2025,run5_time,0.011384919365811097,394
7,johannesburg-i,2025,run5_time,0.16808861128856645,873
7,johannesburg,2025,run5_time,0.15085411417724637,873
7,karlsruhe,2025,run5_time,0.0829891284028983,1085
7,las-vegas,2025,run5_time,0.033492322308366074,1233
7,london,2024,run5_time,-0.06616413134062793,2296
7,london,2025,run5_time,-0.0498774896727846,2408
7,madrid,2024,run5_time,-0.010331489653533255,781
7,malaga,2025,run5_time,0.012847994219591596,1629
7,manchester,2024,run5_time,0.06483997113824791,1148
7,manchester,2025,run5_time,0.054027994331200535,1340
7,marseille,2024,run5_time,-0.06904262297897545,1322
7,melbourne,2024,run5_time,0.020231432316695885,1606
7,miami-beach,2025,run5_time,0.021058478161269045,1021
7,milan,2024,run5_time,0.023012440371968257,1252
7,monterrey,2025,run5_time,0.10297559993940397,456
7,mumbai,2025,run5_time,0.04277320968823828,348
7,new-york,2025,run5_time,0.016422565263736644,966
7,nice,2024,run5_time,0.05726001194176322,642
7,paris,2024,run5_time,0.044475570413831544,1384
7,paris,2025,run5_time,-0.04760093377895902,2053
7,perth,2024,run5_time,-0.0329008711706994,457
7,poznan,2024,run5_time,-0.01890763920255778,838
7,riga,2025,run5_time,0.08127651845322625,559
7,rimini,2025,run5_time,0.0046935001615089345,1934
7,rotterdam,2025,run5_time,0.02077968095555116,2113
7,shanghai,2025,run5_time,0.019483300921655733,471
7,sharjah,2025,run5_time,0.046775844151702994,432
7,singapore-national-stadium,2024,run5_time,0.0620653636002253,696
7,singapore,2024,run5_time,0.0751551679512048,692
7,stockholm,2024,run5_time,-0.0029036125223715903,1073
7,stuttgart,2024,run5_time,-0.00618208510155438,813
7,sydney,2024,run5_time,0.050863144385800974,611
7,taipei,2025,run5_time,0.04043771166269261,583
7,toronto,2024,run5_time,-0.01431950363015122,1001
7,toulouse,2025,run5_time,0.003963350098268759,1466
7,vienna,2025,run5_time,-0.00712117421012104,1101
7,warsaw,2025,run5_time,0.04850883721984478,1654
8,acapulco,2025,run5_time,0.09445697292899213,691
8,amsterdam,2026,run5_time,-0.029916337752417865,2940
8,anaheim,2025,run5_time,0.028319171057178183,1523
8,apac-championship-brisbane,2026,run5_time,-0.03494615113106048,541
8,atlanta,2025,run5_time,0.005672070938945284,709
8,auckland,2026,run5_time,0.04347941073800676,959
8,bangkok,2026,run5_time,-0.17936053084136205,2134
8,barcelona,2026,run5_time,-0.05592778660131692,1931
8,beijing,2025,run5_time,-0.027987555912200368,712
8,beijing,2026,run5_time,-0.11968311821592792,779
8,bengaluru,2026,run5_time,0.02503046319584401,1020
8,berlin,2026,run5_time,-0.23436714760738964,3980
8,bilbao,2026,run5_time,-0.05062718879930539,1040
8,birmingham,2025,run5_time,-0.04222331760153808,4132
8,bologna,2026,run5_time,-0.0703912221322327,1723
8,bordeaux,2025,run5_time,-0.07644343937072529,2409
8,boston,2025,run5_time,-0.004559292935095605,1580
8,brisbane,2026,run5_time,-0.02795685912956325,1302
8,buenos-aires,2026,run5_time,0.041476132776963937,185
8,cancun,2026,run5_time,0.05023835500447138,742
8,cape-town,2025,run5_time,0.08620346440895665,677
8,cape-town,2026,run5_time,0.07771084021234298,677
8,chicago,2025,run5_time,0.06296805657878779,1461
8,cologne,2026,run5_time,0.024500092553000785,1404
8,copenhagen,2026,run5_time,-0.07853367888375085,1371
8,dallas,2025,run5_time,0.046753679348749744,1095
8,delhi,2025,run5_time,-0.013739569490110126,514
8,dublin,2025,run5_time,0.09411516522704488,2440
8,emea-london-olympia,2026,run5_time,-0.07133750602590061,1058
8,fortaleza,2026,run5_time,-0.02744239023208217,239
8,frankfurt,2025,run5_time,-0.0006037205267573897,1883
8,gdansk,2025,run5_time,0.014704278205696752,923
8,geneva,2025,run5_time,-0.041010293886681315,1121
8,gent,2025,run5_time,-0.033785878003505854,1607
8,glasgow,2026,run5_time,0.005889797709120792,2582
8,guadalajara,2026,run5_time,0.0915042836615978,585
8,hamburg,2025,run5_time,-0.055924837076145706,2019
8,heerenveen,2026,run5_time,-0.06769819187410775,1754
8,helsinki,2026,run5_time,-0.07714924196608097,802
8,hong-kong,2026,run5_time,-0.1604289982632936,1224
8,houston,2026,run5_time,-0.0141361640756551,1676
8,incheon,2026,run5_time,-0.05317497866430643,917
8,istanbul,2026,run5_time,-0.12021049607935586,599
8,johannesburg,2025,run5_time,0.13372625876140964,608
8,johannesburg,2026,run5_time,-0.10997163020519296,460
8,katowice,2026,run5_time,0.017508684843508426,884
8,las-vegas,2026,run5_time,0.04676185863925553,1930
8,lisboa,2026,run5_time,-2.419375102247212e-05,971
8,london-excel,2025,run5_time,-0.22119864181394955,5424
8,london-olympia,2026,run5_time,-0.06014903653588388,2660
8,lyon,2026,run5_time,-0.06060362174842504,2288
8,maastricht,2025,run5_time,0.01255999923254203,2038
8,madrid,2025,run5_time,-0.01574460482770723,2510
8,malaga,2026,run5_time,-0.0439400795355287,1676
8,manchester,2026,run5_time,0.0929276782827384,2695
8,mechelen,2026,run5_time,-0.06144324506601517,2585
8,melbourne,2025,run5_time,-0.051585338699912664,2879
8,mexico-city,2025,run5_time,0.16055030001043202,1238
8,miami,2026,run5_time,-0.02060450754422305,1670
8,monterrey,2026,run5_time,0.041503577754031795,634
8,mumbai,2025,run5_time,0.09571397750809374,634
8,new-york,2026,run5_time,0.020618326368567308,3620
8,nice,2026,run5_time,-0.014302042452343566,1956
8,osaka,2026,run5_time,0.05430206585026287,1048
8,oslo,2025,run5_time,0.07576498504447793,1487
8,ottawa,2026,run5_time,0.024890416740701582,1165
8,paris-gp,2026,run5_time,-0.05661060435999077,2139
8,paris,2025,run5_time,0.027068056675811025,2813
8,perth,2025,run5_time,-0.06218502972303519,956
8,phoenix,2026,run5_time,0.039834313647741704,1599
8,poznan,2025,run5_time,-0.012056463961528707,1476
8,puebla,2026,run5_time,0.1488162180675039,746
8,riga,2026,run5_time,-0.008085569438703089,763
8,rimini,2026,run5_time,-0.05379523104605133,2018
8,rio-de-janeiro,2025,run5_time,0.08882330200271138,418
8,rome,2025,run5_time,-0.07153231640111757,2455
8,rotterdam,2026,run5_time,-0.055092450163225726,2241
8,sao-paulo,2025,run5_time,0.05764326773859585,237
8,sao-paulo,2026,run5_time,0.044466207351279374,325
8,seoul,2025,run5_time,0.003388294874753006,652
8,shanghai,2025,run5_time,-0.11275246441653441,843
8,shanghai,2026,run5_time,-0.12452397531303327,859
8,shenzhen,2025,run5_time,0.05718099128926335,840
8,singapore-expo,2025,run5_time,-0.044386191266804764,1125
8,singapore,2026,run5_time,0.05129127495087049,1049
8,st-gallen,2026,run5_time,0.05764773519502708,2672
8,stockholm,2025,run5_time,-0.054896419471570534,1842
8,stockholm,2026,run5_time,0.0481829373644207,1680
8,stuttgart,2025,run5_time,-0.09210452148203896,1509
8,sydney,2025,run5_time,-0.09418773525699986,1780
8,taipei,2026,run5_time,-0.07160100986438045,671
8,toronto,2025,run5_time,0.11212821398426853,1551
8,toulouse,2026,run5_time,0.0036475102042918817,1717
8,turin,2026,run5_time,-0.002483434859789968,1939
8,utrecht,2025,run5_time,0.07329833602464664,1721
8,valencia,2025,run5_time,0.007908160705467182,1456
8,vancouver,2025,run5_time,0.04516052263830539,706
8,verona,2025,run5_time,-0.014183890083443784,1936
8,vienna,2026,run5_time,-0.005348618022505303,196
8,warsaw,2026,run5_time,0.012409254107659251,2100
8,washington-dc,2026,run5_time,0.0010061647254320238,1026
8,wuhan,2026,run5_time,0.013108582507032063,399
9,acapulco,2026,run5_time,0.026125252396662413,804
9,athens,2026,run5_time,-0.06832774493343896,594
9,bangkok,2026,run5_time,-0.12858467406849827,1392
9,beijing,2026,run5_time,-0.08551323032516833,973
9,cape-town,2026,run5_time,0.047215015543893735,472
9,chengdu,2026,run5_time,0.05219161672722672,630
9,chiba,2026,run5_time,0.04985065267188049,562
9,delhi,2026,run5_time,0.11555472271831357,867
9,hangzhou,2026,run5_time,0.07552571498850669,591
9,istanbul,2026,run5_time,-0.1440846825916796,636
9,izmir,2026,run5_time,-0.02310055493426788,162
9,jakarta,2026,run5_time,-0.08333579720263862,727
9,maastricht,2026,run5_time,-0.022803782644380766,1860
9,mumbai,2026,run5_time,0.05974612429052217,1104
9,oslo,2026,run5_time,-0.01897131896523907,946
9,rome,2026,run5_time,-0.10138548761498356,2309
9,salt-lake-city,2026,run5_time,0.043747354338963484,982
9,shenzhen,2026,run5_time,-0.11922835610291682,744
9,sydney,2026,run5_time,-0.10776856229798082,2363
9,tenerife,2026,run5_time,0.0045874994184265105,682
9,washington-dc,2026,run5_time,-0.004614092696232142,2083
7,amsterdam,2024,rowErg_time,-0.014505399150429144,1901
7,anaheim,2024,rowErg_time,0.007161465022787139,624
7,auckland,2025,rowErg_time,0.016067110526083672,748
7,bangkok,2025,rowErg_time,-6.37962164384831e-06,1132
7,barcelona,2025,rowErg_time,-0.011532184414619895,1942
7,beijing,2024,rowErg_time,-0.016110235512678872,259
7,berlin,2025,rowErg_time,-0.028557039795257033,3210
7,bilbao,2025,rowErg_time,-0.0011544131283943715,812
7,birmingham,2024,rowErg_time,-0.01063265465095009,2437
7,brisbane,2024,rowErg_time,-0.026357967103795676,649
7,brisbane,2025,rowErg_time,-0.0209526977407547,1447
7,cape-town,2024,rowErg_time,0.007435661121511394,266
7,chicago-navy-pier,2024,rowErg_time,-0.01454536835565956,877
7,ciudad-de-mexico,2024,rowErg_time,0.07032744779242184,471
7,copenhagen,2025,rowErg_time,0.0036341290951102945,1257
7,dallas,2024,rowErg_time,0.02464672875676177,824
7,dublin,2024,rowErg_time,-0.006411096389260518,1554
7,frankfurt,2024,rowErg_time,-0.0177599795151977,1582
7,glasgow,2025,rowErg_time,-0.015664699314022368,3107
7,guadalajara,2025,rowErg_time,0.060707313985495226,302
7,hamburg,2024,rowErg_time,-0.02414186086861181,1177
7,heerenveen,2025,rowErg_time,-0.003942374738590271,1520
7,hong-kong,2024,rowErg_time,-0.010678607392262451,761
7,houston,2025,rowErg_time,0.002856349213636644,1003
7,incheon,2024,rowErg_time,-0.0040357305507408014,233
7,incheon,2025,rowErg_time,-0.01079529538158086,394
7,johannesburg-i,2025,rowErg_time,0.06504173280137904,873
7,johannesburg,2025,rowErg_time,0.05813290121721182,873
7,karlsruhe,2025,rowErg_time,-0.012844948075980245,1085
7,las-vegas,2025,rowErg_time,0.039141544409335705,1233
7,london,2024,rowErg_time,-0.0028963163737172337,2296
7,london,2025,rowErg_time,-0.02222571447364674,2408
7,madrid,2024,rowErg_time,0.00966437344951987,781
7,malaga,2025,rowErg_time,0.017253190255769546,1629
7,manchester,2024,rowErg_time,-0.025111439500332677,1148
7,manchester,2025,rowErg_time,-0.0187391442711754,1340
7,marseille,2024,rowErg_time,-0.011060017968918423,1322
7,melbourne,2024,rowErg_time,-0.00958866649899448,1606
7,miami-beach,2025,rowErg_time,0.018813344037131863,1021
7,milan,2024,rowErg_time,0.007001408698052769,1252
7,monterrey,2025,rowErg_time,0.025021270656842454,456
7,mumbai,2025,rowErg_time,0.010199503969137824,348
7,new-york,2025,rowErg_time,-0.0011527146951656464,966
7,nice,2024,rowErg_time,0.012116529722845604,642
7,paris,2024,rowErg_time,-0.009581287699400143,1384
7,paris,2025,rowErg_time,-0.013272284757551711,2053
7,perth,2024,rowErg_time,-0.01142280055761069,457
7,poznan,2024,rowErg_time,0.02116517132192075,838
7,riga,2025,rowErg_time,-0.0006385120717190551,559
7,rimini,2025,rowErg_time,-0.006530753648736343,1934
7,rotterdam,2025,rowErg_time,-0.019425479267899615,2113
7,shanghai,2025,rowErg_time,0.025101537993383882,471
7,sharjah,2025,rowErg_time,0.003406920281612269,432
7,singapore-national-stadium,2024,rowErg_time,0.034777886065702424,696
7,singapore,2024,rowErg_time,0.006435878023477892,692
7,stockholm,2024,rowErg_time,-0.017506817304870026,1073
7,stuttgart,2024,rowErg_time,0.006955510285737043,813
7,sydney,2024,rowErg_time,-0.026275796171103538,611
7,taipei,2025,rowErg_time,0.05346967365155475,583
7,toronto,2024,rowErg_time,0.03464994258833243,1001
7,toulouse,2025,rowErg_time,-0.0019090410181034079,1466
7,vienna,2025,rowErg_time,-0.012308538926644075,1101
7,warsaw,2025,rowErg_time,-0.013059350926529545,1654
8,acapulco,2025,rowErg_time,0.019911556058115565,691
8,amsterdam,2026,rowErg_time,-0.021274989338881833,2940
8,anaheim,2025,rowErg_time,0.05194680895450854,1523
8,apac-championship-brisbane,2026,rowErg_time,-0.028404100337136362,541
8,atlanta,2025,rowErg_time,0.004598026285900891,709
8,auckland,2026,rowErg_time,0.017419205850950803,959
8,bangkok,2026,rowErg_time,-0.011496338672121853,2134
8,barcelona,2026,rowErg_time,-0.0069425801722101665,1931
8,beijing,2025,rowErg_time,-0.013760467471698457,712
8,beijing,2026,rowErg_time,-0.011353952681383728,779
8,bengaluru,2026,rowErg_time,-0.003659544258321934,1020
8,berlin,2026,rowErg_time,-0.0008751885153505112,3980
8,bilbao,2026,rowErg_time,-0.009976471927763075,1040
8,birmingham,2025,rowErg_time,-0.005714247317332499,4132
8,bologna,2026,rowErg_time,-0.025145052708211768,1723
8,bordeaux,2025,rowErg_time,-0.01828468880759171,2409
8,boston,2025,rowErg_time,-0.00021262322892368068,1580
8,brisbane,2026,rowErg_time,-0.024839917041194703,1302
8,buenos-aires,2026,rowErg_time,-0.0079132294949954,185
8,cancun,2026,rowErg_time,0.06208950320684159,742
8,cape-town,2025,rowErg_time,0.017178923243775124,677
8,cape-town,2026,rowErg_time,-0.0006417273146855917,677
8,chicago,2025,rowErg_time,-0.007970133770392018,1461
8,cologne,2026,rowErg_time,0.007267935926140945,1404
8,copenhagen,2026,rowErg_time,0.0005731160365225474,1371
8,dallas,2025,rowErg_time,0.054640006488385184,1095
8,delhi,2025,rowErg_time,0.04254516428509647,514
8,dublin,2025,rowErg_time,-0.006974799614591021,2440
8,emea-london-olympia,2026,rowErg_time,-0.018042212775513322,1058
8,fortaleza,2026,rowErg_time,-0.009505551968316928,239
8,frankfurt,2025,rowErg_time,-0.012295663376047039,1883
8,gdansk,2025,rowErg_time,-0.01501921224239755,923
8,geneva,2025,rowErg_time,0.01790234664088608,1121
8,gent,2025,rowErg_time,-0.01074539496411231,1607
8,glasgow,2026,rowErg_time,0.014078277337309819,2582
8,guadalajara,2026,rowErg_time,0.01919572507160172,585
8,hamburg,2025,rowErg_time,-0.0032098174239629795,2019
8,heerenveen,2026,rowErg_time,-0.017965260690568252,1754
8,helsinki,2026,rowErg_time,-0.02767831821065314,802
8,hong-kong,2026,rowErg_time,-0.015181184873696796,1224
8,houston,2026,rowErg_time,-0.0004441137575558196,1676
8,incheon,2026,rowErg_time,-0.016869736628456034,917
8,istanbul,2026,rowErg_time,-0.023164242481246378,599
8,johannesburg,2025,rowErg_time,0.022933476025265076,608
8,johannesburg,2026,rowErg_time,0.030697472849785745,460
8,katowice,2026,rowErg_time,-0.037701838033175394,884
8,las-vegas,2026,rowErg_time,0.01530454028167183,1930
8,lisboa,2026,rowErg_time,-0.001004264965205559,971
8,london-excel,2025,rowErg_time,0.01729176046876235,5424
8,london-olympia,2026,rowErg_time,-0.015976489254042603,2660
8,lyon,2026,rowErg_time,-0.014060711044743268,2288
8,maastricht,2025,rowErg_time,-0.00330720395352313,2038
8,madrid,2025,rowErg_time,-0.0017942876996902557,2510
8,malaga,2026,rowErg_time,0.013156283685570758,1676
8,manchester,2026,rowErg_time,-0.011157594700198947,2695
8,mechelen,2026,rowErg_time,-0.014999685579372701,2585
8,melbourne,2025,rowErg_time,-0.019347132413867096,2879
8,mexico-city,2025,rowErg_time,0.03272564175494419,1238
8,miami,2026,rowErg_time,0.011205017638600934,1670
8,monterrey,2026,rowErg_time,0.014965042588251709,634
8,mumbai,2025,rowErg_time,0.022122838831035052,634
8,new-york,2026,rowErg_time,0.001467729964001352,3620
8,nice,2026,rowErg_time,-0.014421401971169256,1956
8,osaka,2026,rowErg_time,-0.024484872125823398,1048
8,oslo,2025,rowErg_time,-0.0029456535542573548,1487
8,ottawa,2026,rowErg_time,-0.019740477614280993,1165
8,paris-gp,2026,rowErg_time,-0.01788116792598371,2139
8,paris,2025,rowErg_time,-0.01825242697145979,2813
8,perth,2025,rowErg_time,0.014354539795305765,956
8,phoenix,2026,rowErg_time,0.017707314923242068,1599
8,poznan,2025,rowErg_time,0.02003747123512256,1476
8,puebla,2026,rowErg_time,0.052627881867829185,746
8,riga,2026,rowErg_time,-0.032249519230134194,763
8,rimini,2026,rowErg_time,-0.0115990082689309,2018
8,rio-de-janeiro,2025,rowErg_time,0.018530187010321164,418
8,rome,2025,rowErg_time,0.019490555479435123,2455
8,rotterdam,2026,rowErg_time,-0.004864550467399753,2241
8,sao-paulo,2025,rowErg_time,0.01457372263796719,237
8,sao-paulo,2026,rowErg_time,-0.0008124528662727393,325
8,seoul,2025,rowErg_time,-0.03200704686532552,652
8,shanghai,2025,rowErg_time,0.037940821015513215,843
8,shanghai,2026,rowErg_time,0.027485622309033397,859
8,shenzhen,2025,rowErg_time,0.006138615915110224,840
8,singapore-expo,2025,rowErg_time,-0.021345764515703136,1125
8,singapore,2026,rowErg_time,0.012671490657805151,1049
8,st-gallen,2026,rowErg_time,0.016913023443160036,2672
8,stockholm,2025,rowErg_time,-0.026012453186044504,1842
8,stockholm,2026,rowErg_time,0.017364139530408496,1680
8,stuttgart,2025,rowErg_time,-0.0052922329743058105,1509
8,sydney,2025,rowErg_time,-0.02248425674858967,1780
8,taipei,2026,rowErg_time,-0.006820046993613715,671
8,toronto,2025,rowErg_time,0.030264004637307718,1551
8,toulouse,2026,rowErg_time,-0.026404427392711538,1717
8,turin,2026,rowErg_time,0.027331289723225405,1939
8,utrecht,2025,rowErg_time,-0.008412090766940716,1721
8,valencia,2025,rowErg_time,-0.011405138001788995,1456
8,vancouver,2025,rowErg_time,0.0009915191046014904,706
8,verona,2025,rowErg_time,-0.021848208976706363,1936
8,vienna,2026,rowErg_time,-0.021811608620241896,196
8,warsaw,2026,rowErg_time,-0.006413468431562985,2100
8,washington-dc,2026,rowErg_time,0.00852009090009842,1026
8,wuhan,2026,rowErg_time,-0.011277038505106751,399
9,acapulco,2026,rowErg_time,0.010441423779488312,804
9,athens,2026,rowErg_time,-0.017821970905104956,594
9,bangkok,2026,rowErg_time,-0.02681269449810375,1392
9,beijing,2026,rowErg_time,-0.02952770783941694,973
9,cape-town,2026,rowErg_time,-0.028764452231301307,472
9,chengdu,2026,rowErg_time,0.0038685104490319144,630
9,chiba,2026,rowErg_time,-0.0048487878838014975,562
9,delhi,2026,rowErg_time,0.001540799530428183,867
9,hangzhou,2026,rowErg_time,-0.013716905354224096,591
9,istanbul,2026,rowErg_time,-0.03681088208364647,636
9,izmir,2026,rowErg_time,-0.0018031429454347103,162
9,jakarta,2026,rowErg_time,-0.009037429161000365,727
9,maastricht,2026,rowErg_time,0.004142734410661264,1860
9,mumbai,2026,rowErg_time,-0.0009779070913275012,1104
9,oslo,2026,rowErg_time,0.005012452045567217,946
9,rome,2026,rowErg_time,0.019851884153929467,2309
9,salt-lake-city,2026,rowErg_time,0.02090726619421046,982
9,shenzhen,2026,rowErg_time,-0.013825718107061902,744
9,sydney,2026,rowErg_time,-0.028670259417664323,2363
9,tenerife,2026,rowErg_time,0.025645521494498835,682
9,washington-dc,2026,rowErg_time,0.005424328888346652,2083
7,amsterdam,2024,run6_time,0.08126504180729932,1901
7,anaheim,2024,run6_time,0.0021320274167062614,624
7,auckland,2025,run6_time,0.058776614276468075,748
7,bangkok,2025,run6_time,0.025287893249783533,1132
7,barcelona,2025,run6_time,-0.009164738556764473,1942
7,beijing,2024,run6_time,0.06847737165105139,259
7,berlin,2025,run6_time,-0.13247754105951415,3210
7,bilbao,2025,run6_time,-0.014977708548233992,812
7,birmingham,2024,run6_time,-0.02250944186301318,2437
7,brisbane,2024,run6_time,0.09919824534645594,649
7,brisbane,2025,run6_time,0.0569933416309969,1447
7,cape-town,2024,run6_time,0.034276899019862306,266
7,chicago-navy-pier,2024,run6_time,0.058952932268172775,877
7,ciudad-de-mexico,2024,run6_time,0.09180572026833933,471
7,copenhagen,2025,run6_time,-0.056090733191108466,1257
7,dallas,2024,run6_time,0.06112821974555782,824
7,dublin,2024,run6_time,0.12833310195391112,1554
7,frankfurt,2024,run6_time,0.007378310894937012,1582
7,glasgow,2025,run6_time,0.08417641267603337,3107
7,guadalajara,2025,run6_time,0.07475948016823408,302
7,hamburg,2024,run6_time,-0.0341382910925645,1177
7,heerenveen,2025,run6_time,-0.0451664073120277,1520
7,hong-kong,2024,run6_time,0.029811199042910186,761
7,houston,2025,run6_time,0.04370894301611772,1003
7,incheon,2024,run6_time,0.07780650808321599,233
7,incheon,2025,run6_time,-0.0012865741732555058,394
7,johannesburg-i,2025,run6_time,0.1654369488835592,873
7,johannesburg,2025,run6_time,0.15145956096113777,873
7,karlsruhe,2025,run6_time,0.08138226775202129,1085
7,las-vegas,2025,run6_time,0.02981857886336825,1233
7,london,2024,run6_time,-0.06721803199695209,2296
7,london,2025,run6_time,-0.04611942823294002,2408
7,madrid,2024,run6_time,-0.012792902068237466,781
7,malaga,2025,run6_time,0.005329762353812217,1629
7,manchester,2024,run6_time,0.0764224471731414,1148
7,manchester,2025,run6_time,0.06352061159013078,1340
7,marseille,2024,run6_time,-0.06870565607577084,1322
7,melbourne,2024,run6_time,0.026295054225560444,1606
7,miami-beach,2025,run6_time,0.011122025524642032,1021
7,milan,2024,run6_time,0.02236397597677331,1252
7,monterrey,2025,run6_time,0.08620533429146193,456
7,mumbai,2025,run6_time,0.042397665883921354,348
7,new-york,2025,run6_time,0.01840602787977974,966
7,nice,2024,run6_time,0.04156370963918832,642
7,paris,2024,run6_time,0.04676285379469314,1384
7,paris,2025,run6_time,-0.03896365549851322,2053
7,perth,2024,run6_time,-0.0159353960236005,457
7,poznan,2024,run6_time,-0.02534856455552792,838
7,riga,2025,run6_time,0.07217774016991285,559
7,rimini,2025,run6_time,0.0012723852104117306,1934
7,rotterdam,2025,run6_time,0.011840095703490983,2113
7,shanghai,2025,run6_time,0.02362919322589252,471
7,sharjah,2025,run6_time,0.04208633886414348,432
7,singapore-national-stadium,2024,run6_time,0.07301658880507822,696
7,singapore,2024,run6_time,0.05350384650614681,692
7,stockholm,2024,run6_time,-0.012186194853588295,1073
7,stuttgart,2024,run6_time,-0.01604308899932816,813
7,sydney,2024,run6_time,0.047696861277873204,611
7,taipei,2025,run6_time,0.020066893585812595,583
7,toronto,2024,run6_time,-0.02140182890393405,1001
7,toulouse,2025,run6_time,-0.010834474962688967,1466
7,vienna,2025,run6_time,-0.013413927968164985,1101
7,warsaw,2025,run6_time,0.052864487833890195,1654
8,acapulco,2025,run6_time,0.09311587098442553,691
8,amsterdam,2026,run6_time,-0.025963604455780276,2940
8,anaheim,2025,run6_time,0.019202918813977066,1523
8,apac-championship-brisbane,2026,run6_time,-0.028490320800728997,541
8,atlanta,2025,run6_time,-0.0019370533367009113,709
8,auckland,2026,run6_time,0.046130597801580464,959
8,bangkok,2026,run6_time,-0.17995276520558878,2134
8,barcelona,2026,run6_time,-0.0465354617568966,1931
8,beijing,2025,run6_time,-0.02755074660340906,712
8,beijing,2026,run6_time,-0.10796156707524085,779
8,bengaluru,2026,run6_time,0.026593259967212513,1020
8,berlin,2026,run6_time,-0.22623472431494496,3980
8,bilbao,2026,run6_time,-0.050883112190024726,1040
8,birmingham,2025,run6_time,-0.050130187830406236,4132
8,bologna,2026,run6_time,-0.06641150243117333,1723
8,bordeaux,2025,run6_time,-0.07006320749765926,2409
8,boston,2025,run6_time,-0.011827598115031202,1580
8,brisbane,2026,run6_time,-0.016996322745442383,1302
8,buenos-aires,2026,run6_time,0.04023125847838993,185
8,cancun,2026,run6_time,0.0544230986152523,742
8,cape-town,2025,run6_time,0.08091911507301064,677
8,cape-town,2026,run6_time,0.07474991485920701,677
8,chicago,2025,run6_time,0.06675866868054259,1461
8,cologne,2026,run6_time,0.022910761942838143,1404
8,copenhagen,2026,run6_time,-0.07936036438574168,1371
8,dallas,2025,run6_time,0.03808375056509106,1095
8,delhi,2025,run6_time,-0.0001936494852191606,514
8,dublin,2025,run6_time,0.09574932061532282,2440
8,emea-london-olympia,2026,run6_time,-0.07391455655696677,1058
8,fortaleza,2026,run6_time,-0.02321559392858752,239
8,frankfurt,2025,run6_time,-0.010094093268377291,1883
8,gdansk,2025,run6_time,0.017480268022004086,923
8,geneva,2025,run6_time,-0.050661216251747354,1121
8,gent,2025,run6_time,-0.03667795769908766,1607
8,glasgow,2026,run6_time,0.00830282268354976,2582
8,guadalajara,2026,run6_time,0.07233509950140138,585
8,hamburg,2025,run6_time,-0.05879601926899791,2019
8,heerenveen,2026,run6_time,-0.07036938356835398,1754
8,helsinki,2026,run6_time,-0.0748278751485415,802
8,hong-kong,2026,run6_time,-0.15109770418995327,1224
8,houston,2026,run6_time,-0.02058938387437903,1676
8,incheon,2026,run6_time,-0.05977191715351715,917
8,istanbul,2026,run6_time,-0.11029848640669138,599
8,johannesburg,2025,run6_time,0.14016739589442562,608
8,johannesburg,2026,run6_time,-0.09135287354136057,460
8,katowice,2026,run6_time,0.008644405793796661,884
8,las-vegas,2026,run6_time,0.04952068521920472,1930
8,lisboa,2026,run6_time,0.006773908058307132,971
8,london-excel,2025,run6_time,-0.21574787439587495,5424
8,london-olympia,2026,run6_time,-0.06420286587220625,2660
8,lyon,2026,run6_time,-0.05535145139648501,2288
8,maastricht,2025,run6_time,0.0006280450279247951,2038
8,madrid,2025,run6_time,-0.010907927029888631,2510
8,malaga,2026,run6_time,-0.04558804837558561,1676
8,manchester,2026,run6_time,0.09568348429465967,2695
8,mechelen,2026,run6_time,-0.058344929475389384,2585
8,melbourne,2025,run6_time,-0.04265875265991137,2879
8,mexico-city,2025,run6_time,0.16566445571493316,1238
8,miami,2026,run6_time,-0.024489679638582285,1670
8,monterrey,2026,run6_time,0.04850123296655662,634
8,mumbai,2025,run6_time,0.09707218952287633,634
8,new-york,2026,run6_time,0.017682722929414973,3620
8,nice,2026,run6_time,-0.020712477065051638,1956
8,osaka,2026,run6_time,0.05095614354282585,1048
8,oslo,2025,run6_time,0.07072177194720264,1487
8,ottawa,2026,run6_time,0.03199784948346651,1165
8,paris-gp,2026,run6_time,-0.04491303927107271,2139
8,paris,2025,run6_time,0.028227096049924683,2813
8,perth,2025,run6_time,-0.0609752453255763,956
8,phoenix,2026,run6_time,0.033144702957202954,1599
8,poznan,2025,run6_time,-0.0037550699899333573,1476
8,puebla,2026,run6_time,0.1470344247697457,746
8,riga,2026,run6_time,0.003587782467393996,763
8,rimini,2026,run6_time,-0.04761742437407068,2018
8,rio-de-janeiro,2025,run6_time,0.08910417828964667,418
8,rome,2025,run6_time,-0.07780512329857547,2455
8,rotterdam,2026,run6_time,-0.04355237080761609,2241
8,sao-paulo,2025,run6_time,0.05713967241710405,237
8,sao-paulo,2026,run6_time,0.02937795400518528,325
8,seoul,2025,run6_time,0.014175101083270691,652
8,shanghai,2025,run6_time,-0.11488257442880412,843
8,shanghai,2026,run6_time,-0.1279327418710422,859
8,shenzhen,2025,run6_time,0.04724094674526125,840
8,singapore-expo,2025,run6_time,-0.03547605356105543,1125
8,singapore,2026,run6_time,0.04635973695440576,1049
8,st-gallen,2026,run6_time,0.053174923733666724,2672
8,stockholm,2025,run6_time,-0.049480213465504574,1842
8,stockholm,2026,run6_time,0.05119452921050982,1680
8,stuttgart,2025,run6_time,-0.09043193730077936,1509
8,sydney,2025,run6_time,-0.08930473507179615,1780
8,taipei,2026,run6_time,-0.06585009082433224,671
8,toronto,2025,run6_time,0.09483379282552251,1551
8,toulouse,2026,run6_time,-0.004469942025292051,1717
8,turin,2026,run6_time,-0.011939096706567676,1939
8,utrecht,2025,run6_time,0.0753268426653666,1721
8,valencia,2025,run6_time,0.001858164957488695,1456
8,vancouver,2025,run6_time,0.03720514136268038,706
8,verona,2025,run6_time,-0.022985682887280534,1936
8,vienna,2026,run6_time,0.000399315027866054,196
8,warsaw,2026,run6_time,0.01624750342621839,2100
8,washington-dc,2026,run6_time,-0.007016341770574752,1026
8,wuhan,2026,run6_time,0.006876360569343376,399
9,acapulco,2026,run6_time,0.028664104277820845,804
9,athens,2026,run6_time,-0.06660966081362951,594
9,bangkok,2026,run6_time,-0.12159979580041447,1392
9,beijing,2026,run6_time,-0.0883107698489255,973
9,cape-town,2026,run6_time,0.05386723363341139,472
9,chengdu,2026,run6_time,0.05371762932216506,630
9,chiba,2026,run6_time,0.05008467373604675,562
9,delhi,2026,run6_time,0.1214814421877275,867
9,hangzhou,2026,run6_time,0.08175036641676448,591
9,istanbul,2026,run6_time,-0.13576408777299342,636
9,izmir,2026,run6_time,-0.033058826187900014,162
9,jakarta,2026,run6_time,-0.0876138429846185,727
9,maastricht,2026,run6_time,-0.01290718358558296,1860
9,mumbai,2026,run6_time,0.06461317463183547,1104
9,oslo,2026,run6_time,-0.02368004171066418,946
9,rome,2026,run6_time,-0.10006698632303257,2309
9,salt-lake-city,2026,run6_time,0.049083959574043545,982
9,shenzhen,2026,run6_time,-0.1027335951075441,744
9,sydney,2026,run6_time,-0.10401530535327275,2363
9,tenerife,2026,run6_time,0.008144836877514106,682
9,washington-dc,2026,run6_time,0.006384404709449232,2083
7,amsterdam,2024,farmersCarry_time,-0.08166076572432346,1901
7,anaheim,2024,farmersCarry_time,-0.060949421974231255,624
7,auckland,2025,farmersCarry_time,0.009744351998422163,748
7,bangkok,2025,farmersCarry_time,-0.011020667259986294,1132
7,barcelona,2025,farmersCarry_time,-0.0032952224168362187,1942
7,beijing,2024,farmersCarry_time,-0.016046601982456332,259
7,berlin,2025,farmersCarry_time,-0.026526625481034016,3210
7,bilbao,2025,farmersCarry_time,0.00010191333446485373,812
7,birmingham,2024,farmersCarry_time,0.005321887202828446,2437
7,brisbane,2024,farmersCarry_time,0.05335944454293262,649
7,brisbane,2025,farmersCarry_time,0.009634014888707298,1447
7,cape-town,2024,farmersCarry_time,0.021351399480437072,266
7,chicago-navy-pier,2024,farmersCarry_time,-0.04265142690227486,877
7,ciudad-de-mexico,2024,farmersCarry_time,0.16472483988136566,471
7,copenhagen,2025,farmersCarry_time,-0.03972941615848691,1257
7,dallas,2024,farmersCarry_time,-0.02564851563405901,824
7,dublin,2024,farmersCarry_time,-0.008072521657459863,1554
7,frankfurt,2024,farmersCarry_time,-0.04438864380482532,1582
7,glasgow,2025,farmersCarry_time,-0.02448455105731584,3107
7,guadalajara,2025,farmersCarry_time,0.07058911622368558,302
7,hamburg,2024,farmersCarry_time,-0.02311891246067832,1177
7,heerenveen,2025,farmersCarry_time,-0.0033813460076601576,1520
7,hong-kong,2024,farmersCarry_time,0.024645756251369333,761
7,houston,2025,farmersCarry_time,0.00328688802764332,1003
7,incheon,2024,farmersCarry_time,0.011633329804924486,233
7,incheon,2025,farmersCarry_time,-0.00914071454059917,394
7,johannesburg-i,2025,farmersCarry_time,0.0655724946082672,873
7,johannesburg,2025,farmersCarry_time,0.048610498471996166,873
7,karlsruhe,2025,farmersCarry_time,-0.034755375959069856,1085
7,las-vegas,2025,farmersCarry_time,0.017900743834416977,1233
7,london,2024,farmersCarry_time,-0.009428483956346434,2296
7,london,2025,farmersCarry_time,0.02125826813690712,2408
7,madrid,2024,farmersCarry_time,0.05583230037313136,781
7,malaga,2025,farmersCarry_time,-2.179101455623833e-05,1629
7,manchester,2024,farmersCarry_time,-0.025893733309573785,1148
7,manchester,2025,farmersCarry_time,0.007631400260253329,1340
7,marseille,2024,farmersCarry_time,-0.03276461462274616,1322
7,melbourne,2024,farmersCarry_time,-0.019500084403804907,1606
7,miami-beach,2025,farmersCarry_time,0.03876980923790785,1021
7,milan,2024,farmersCarry_time,0.02847953570395645,1252
7,monterrey,2025,farmersCarry_time,0.03879554471386193,456
7,mumbai,2025,farmersCarry_time,-0.015773633281167432,348
7,new-york,2025,farmersCarry_time,0.09126017465283454,966
7,nice,2024,farmersCarry_time,0.03899695005376591,642
7,paris,2024,farmersCarry_time,0.001600878709611342,1384
7,paris,2025,farmersCarry_time,0.000342813558545485,2053
7,perth,2024,farmersCarry_time,-0.013006166108654682,457
7,poznan,2024,farmersCarry_time,0.03810451812162752,838
7,riga,2025,farmersCarry_time,0.00972487768211927,559
7,rimini,2025,farmersCarry_time,0.03056165968231528,1934
7,rotterdam,2025,farmersCarry_time,-0.002497869994328772,2113
7,shanghai,2025,farmersCarry_time,0.07826624072154198,471
7,sharjah,2025,farmersCarry_time,-0.006981984751119441,432
7,singapore-national-stadium,2024,farmersCarry_time,0.13284615830557955,696
7,singapore,2024,farmersCarry_time,0.010126122689321893,692
7,stockholm,2024,farmersCarry_time,-0.013419879604496754,1073
7,stuttgart,2024,farmersCarry_time,0.012399926692374441,813
7,sydney,2024,farmersCarry_time,-0.040182351006897155,611
7,taipei,2025,farmersCarry_time,0.018224472263800973,583
7,toronto,2024,farmersCarry_time,-0.030109239609725003,1001
7,toulouse,2025,farmersCarry_time,-0.02986797123879681,1466
7,vienna,2025,farmersCarry_time,-0.029727200847606494,1101
7,warsaw,2025,farmersCarry_time,-0.05691589076298864,1654
8,acapulco,2025,farmersCarry_time,0.04359543177369862,691
8,amsterdam,2026,farmersCarry_time,-0.066616502180188,2940
8,anaheim,2025,farmersCarry_time,0.05008673656426854,1523
8,apac-championship-brisbane,2026,farmersCarry_time,-0.06149784286355553,541
8,atlanta,2025,farmersCarry_time,-0.038201013198421396,709
8,auckland,2026,farmersCarry_time,-0.06029351632380098,959
8,bangkok,2026,farmersCarry_time,-0.02097896323586934,2134
8,barcelona,2026,farmersCarry_time,-0.038985801057045966,1931
8,beijing,2025,farmersCarry_time,0.0061735715262829505,712
8,beijing,2026,farmersCarry_time,0.023481388829446503,779
8,bengaluru,2026,farmersCarry_time,0.04130681485327292,1020
8,berlin,2026,farmersCarry_time,0.07743236735690018,3980
8,bilbao,2026,farmersCarry_time,-0.11392274496435173,1040
8,birmingham,2025,farmersCarry_time,0.009757426508576472,4132
8,bologna,2026,farmersCarry_time,0.0009290770079108945,1723
8,bordeaux,2025,farmersCarry_time,-0.04607198311706984,2409
8,boston,2025,farmersCarry_time,-0.036429505535657936,1580
8,brisbane,2026,farmersCarry_time,-0.03676356132294423,1302
8,buenos-aires,2026,farmersCarry_time,0.002753184665784003,185
8,cancun,2026,farmersCarry_time,0.21718585336734741,742
8,cape-town,2025,farmersCarry_time,-0.012224161623160756,677
8,cape-town,2026,farmersCarry_time,0.013253718480777943,677
8,chicago,2025,farmersCarry_time,-0.034991892551889836,1461
8,cologne,2026,farmersCarry_time,-0.04636031723744949,1404
8,copenhagen,2026,farmersCarry_time,-0.00550108349470535,1371
8,dallas,2025,farmersCarry_time,-0.03229830342805684,1095
8,delhi,2025,farmersCarry_time,0.005929400200715085,514
8,dublin,2025,farmersCarry_time,-0.013897654602079812,2440
8,emea-london-olympia,2026,farmersCarry_time,0.02948495576622201,1058
8,fortaleza,2026,farmersCarry_time,0.12711437078866794,239
8,frankfurt,2025,farmersCarry_time,-0.013000848524348907,1883
8,gdansk,2025,farmersCarry_time,-0.015913603551170552,923
8,geneva,2025,farmersCarry_time,-0.03208374731903252,1121
8,gent,2025,farmersCarry_time,-0.039770513371350735,1607
8,glasgow,2026,farmersCarry_time,0.004657616165930856,2582
8,guadalajara,2026,farmersCarry_time,0.06825049894349466,585
8,hamburg,2025,farmersCarry_time,-0.00602026750953244,2019
8,heerenveen,2026,farmersCarry_time,-0.047819268569374684,1754
8,helsinki,2026,farmersCarry_time,-0.05580258004369987,802
8,hong-kong,2026,farmersCarry_time,-0.01737261748403207,1224
8,houston,2026,farmersCarry_time,0.001076455894949202,1676
8,incheon,2026,farmersCarry_time,-0.06956107270463341,917
8,istanbul,2026,farmersCarry_time,0.039739605392493216,599
8,johannesburg,2025,farmersCarry_time,0.05068112542150627,608
8,johannesburg,2026,farmersCarry_time,0.038014772581825396,460
8,katowice,2026,farmersCarry_time,-0.003074637075088704,884
8,las-vegas,2026,farmersCarry_time,-0.05748451631943885,1930
8,lisboa,2026,farmersCarry_time,0.01223098325519234,971
8,london-excel,2025,farmersCarry_time,-0.041797677129442046,5424
8,london-olympia,2026,farmersCarry_time,0.01580055494280952,2660
8,lyon,2026,farmersCarry_time,0.005030626628372392,2288
8,maastricht,2025,farmersCarry_time,0.01889720650939597,2038
8,madrid,2025,farmersCarry_time,0.07816447210837807,2510
8,malaga,2026,farmersCarry_time,-0.05523104625289643,1676
8,manchester,2026,farmersCarry_time,0.023711050187785965,2695
8,mechelen,2026,farmersCarry_time,-0.027568103246198183,2585
8,melbourne,2025,farmersCarry_time,-0.036547090818293104,2879
8,mexico-city,2025,farmersCarry_time,0.06440496344870272,1238
8,miami,2026,farmersCarry_time,-0.008194809876162612,1670
8,monterrey,2026,farmersCarry_time,0.07776883717133964,634
8,mumbai,2025,farmersCarry_time,-0.006447322562084357,634
8,new-york,2026,farmersCarry_time,0.08058901226674009,3620
8,nice,2026,farmersCarry_time,-0.057508607636298614,1956
8,osaka,2026,farmersCarry_time,-0.022810670905816344,1048
8,oslo,2025,farmersCarry_time,-0.026520939447832403,1487
8,ottawa,2026,farmersCarry_time,0.02981822675567969,1165
8,paris-gp,2026,farmersCarry_time,0.01539787721479513,2139
8,paris,2025,farmersCarry_time,-0.05495515522982608,2813
8,perth,2025,farmersCarry_time,0.006297102779939889,956
8,phoenix,2026,farmersCarry_time,-0.022718522568481503,1599
8,poznan,2025,farmersCarry_time,0.023976359119729285,1476
8,puebla,2026,farmersCarry_time,0.15662492081789492,746
8,riga,2026,farmersCarry_time,-0.0038316574470673714,763
8,rimini,2026,farmersCarry_time,0.026419082022147933,2018
8,rio-de-janeiro,2025,farmersCarry_time,-0.0352479568248687,418
8,rome,2025,farmersCarry_time,-0.023624644495319314,2455
8,rotterdam,2026,farmersCarry_time,0.015195170187624285,2241
8,sao-paulo,2025,farmersCarry_time,0.146974667060094,237
8,sao-paulo,2026,farmersCarry_time,0.08069559637615598,325
8,seoul,2025,farmersCarry_time,-0.0472328550938067,652
8,shanghai,2025,farmersCarry_time,-0.04877808802071204,843
8,shanghai,2026,farmersCarry_time,-0.05103184178811282,859
8,shenzhen,2025,farmersCarry_time,-0.02837232213052998,840
8,singapore-expo,2025,farmersCarry_time,-0.039945763691467406,1125
8,singapore,2026,farmersCarry_time,0.10526174362383633,1049
8,st-gallen,2026,farmersCarry_time,0.034804643055290185,2672
8,stockholm,2025,farmersCarry_time,-0.06880231145325366,1842
8,stockholm,2026,farmersCarry_time,0.0036933617446788247,1680
8,stuttgart,2025,farmersCarry_time,0.02693988884163212,1509
8,sydney,2025,farmersCarry_time,0.039678925819151,1780
8,taipei,2026,farmersCarry_time,0.019804831048468197,671
8,toronto,2025,farmersCarry_time,-0.013190128397622458,1551
8,toulouse,2026,farmersCarry_time,-0.02324127166656409,1717
8,turin,2026,farmersCarry_time,-0.04407989273780455,1939
8,utrecht,2025,farmersCarry_time,0.0476757599593145,1721
8,valencia,2025,farmersCarry_time,0.038092875759367706,1456
8,vancouver,2025,farmersCarry_time,-0.014560193524257081,706
8,verona,2025,farmersCarry_time,-0.023265214751573837,1936
8,vienna,2026,farmersCarry_time,-0.0448983399316798,196
8,warsaw,2026,farmersCarry_time,-0.09616282577619262,2100
8,washington-dc,2026,farmersCarry_time,0.015367285207236403,1026
8,wuhan,2026,farmersCarry_time,-0.013898887905402169,399
9,acapulco,2026,farmersCarry_time,0.04346634510155312,804
9,athens,2026,farmersCarry_time,0.004005741829874232,594
9,bangkok,2026,farmersCarry_time,-0.07567867697757502,1392
9,beijing,2026,farmersCarry_time,0.01181494682460249,973
9,cape-town,2026,farmersCarry_time,0.020619367179928183,472
9,chengdu,2026,farmersCarry_time,-0.022862292261943806,630
9,chiba,2026,farmersCarry_time,-0.04041389785117522,562
9,delhi,2026,farmersCarry_time,-0.014605299164011654,867
9,hangzhou,2026,farmersCarry_time,0.01776269201334335,591
9,istanbul,2026,farmersCarry_time,-0.015621915526191854,636
9,izmir,2026,farmersCarry_time,-0.031303165975475666,162
9,jakarta,2026,farmersCarry_time,-0.03792960128090017,727
9,maastricht,2026,farmersCarry_time,0.03060461772444545,1860
9,mumbai,2026,farmersCarry_time,-0.01915143535349484,1104
9,oslo,2026,farmersCarry_time,0.008416486996565054,946
9,rome,2026,farmersCarry_time,0.006842709461521768,2309
9,salt-lake-city,2026,farmersCarry_time,-0.013029093020990423,982
9,shenzhen,2026,farmersCarry_time,-0.05847556086081618,744
9,sydney,2026,farmersCarry_time,-0.07554371522419623,2363
9,tenerife,2026,farmersCarry_time,0.1101972960159825,682
9,washington-dc,2026,farmersCarry_time,-0.06907034534485434,2083
7,amsterdam,2024,run7_time,0.07673917053371349,1901
7,anaheim,2024,run7_time,-0.0026946151817940356,624
7,auckland,2025,run7_time,0.05668040254125173,748
7,bangkok,2025,run7_time,0.024250685712606357,1132
7,barcelona,2025,run7_time,-0.0071021845216558965,1942
7,beijing,2024,run7_time,0.03930012187065679,259
7,berlin,2025,run7_time,-0.12940822047694744,3210
7,bilbao,2025,run7_time,-0.01865236487249955,812
7,birmingham,2024,run7_time,-0.025345068645394764,2437
7,brisbane,2024,run7_time,0.0885738162043046,649
7,brisbane,2025,run7_time,0.04441921973845453,1447
7,cape-town,2024,run7_time,0.014635056709656924,266
7,chicago-navy-pier,2024,run7_time,0.05447390241982908,877
7,ciudad-de-mexico,2024,run7_time,0.07847000219741163,471
7,copenhagen,2025,run7_time,-0.057425531142674124,1257
7,dallas,2024,run7_time,0.06017061415002334,824
7,dublin,2024,run7_time,0.1285444844752126,1554
7,frankfurt,2024,run7_time,0.010709274586362616,1582
7,glasgow,2025,run7_time,0.08567886578438966,3107
7,guadalajara,2025,run7_time,0.06997320806910712,302
7,hamburg,2024,run7_time,-0.03624918070759109,1177
7,heerenveen,2025,run7_time,-0.03800171459198243,1520
7,hong-kong,2024,run7_time,0.020271213076836325,761
7,houston,2025,run7_time,0.051210253994965704,1003
7,incheon,2024,run7_time,0.07841692504888975,233
7,incheon,2025,run7_time,-0.011162934947306358,394
7,johannesburg-i,2025,run7_time,0.1564347170850684,873
7,johannesburg,2025,run7_time,0.14325471670758905,873
7,karlsruhe,2025,run7_time,0.08356233227184084,1085
7,las-vegas,2025,run7_time,0.029773225678081827,1233
7,london,2024,run7_time,-0.07086320210505981,2296
7,london,2025,run7_time,-0.04146391489627488,2408
7,madrid,2024,run7_time,-0.018089720022736677,781
7,malaga,2025,run7_time,0.0036832879197261637,1629
7,manchester,2024,run7_time,0.06981680365529774,1148
7,manchester,2025,run7_time,0.05695928053048771,1340
7,marseille,2024,run7_time,-0.07777227527582076,1322
7,melbourne,2024,run7_time,0.01979176383418646,1606
7,miami-beach,2025,run7_time,0.004104316668051888,1021
7,milan,2024,run7_time,0.016950945438155784,1252
7,monterrey,2025,run7_time,0.101148191865162,456
7,mumbai,2025,run7_time,0.047096084532541216,348
7,new-york,2025,run7_time,0.01769741067687436,966
7,nice,2024,run7_time,0.037146495257943446,642
7,paris,2024,run7_time,0.039463697274398024,1384
7,paris,2025,run7_time,-0.03202254120295489,2053
7,perth,2024,run7_time,-0.023858804963368452,457
7,poznan,2024,run7_time,-0.028105451588991137,838
7,riga,2025,run7_time,0.0789561616371588,559
7,rimini,2025,run7_time,-0.0025418999979920365,1934
7,rotterdam,2025,run7_time,0.006261523530115554,2113
7,shanghai,2025,run7_time,0.00661242296716491,471
7,sharjah,2025,run7_time,0.05102834033560821,432
7,singapore-national-stadium,2024,run7_time,0.0533403246587294,696
7,singapore,2024,run7_time,0.048535173110953345,692
7,stockholm,2024,run7_time,-0.018679565588372915,1073
7,stuttgart,2024,run7_time,-0.019235548354454624,813
7,sydney,2024,run7_time,0.040985734569117804,611
7,taipei,2025,run7_time,0.01889266156162339,583
7,toronto,2024,run7_time,-0.019908843221179584,1001
7,toulouse,2025,run7_time,-0.016510647596815753,1466
7,vienna,2025,run7_time,-0.010049710088440467,1101
7,warsaw,2025,run7_time,0.0467757774262092,1654
8,acapulco,2025,run7_time,0.10417296003200938,691
8,amsterdam,2026,run7_time,-0.03022114135200038,2940
8,anaheim,2025,run7_time,0.021754445758760843,1523
8,apac-championship-brisbane,2026,run7_time,-0.0354091766845811,541
8,atlanta,2025,run7_time,-0.0077587159685271745,709
8,auckland,2026,run7_time,0.04269942138929084,959
8,bangkok,2026,run7_time,-0.1787511163022365,2134
8,barcelona,2026,run7_time,-0.04859916718825985,1931
8,beijing,2025,run7_time,-0.028200047732157785,712
8,beijing,2026,run7_time,-0.1040228927434188,779
8,bengaluru,2026,run7_time,0.032326349451263336,1020
8,berlin,2026,run7_time,-0.2145183043954636,3980
8,bilbao,2026,run7_time,-0.05654086389221291,1040
8,birmingham,2025,run7_time,-0.04820797824665768,4132
8,bologna,2026,run7_time,-0.06658367317929326,1723
8,bordeaux,2025,run7_time,-0.06411001280044992,2409
8,boston,2025,run7_time,-0.02272466256385708,1580
8,brisbane,2026,run7_time,-0.0229928914280374,1302
8,buenos-aires,2026,run7_time,0.053180887907462226,185
8,cancun,2026,run7_time,0.05983402044846331,742
8,cape-town,2025,run7_time,0.06446728186028783,677
8,cape-town,2026,run7_time,0.0741600520908734,677
8,chicago,2025,run7_time,0.05756077299244988,1461
8,cologne,2026,run7_time,0.032177118931912885,1404
8,copenhagen,2026,run7_time,-0.0768215467046085,1371
8,dallas,2025,run7_time,0.03786253330107736,1095
8,delhi,2025,run7_time,-0.007422103054608553,514
8,dublin,2025,run7_time,0.0990688438514713,2440
8,emea-london-olympia,2026,run7_time,-0.0698585533669549,1058
8,fortaleza,2026,run7_time,-0.007129224583784621,239
8,frankfurt,2025,run7_time,-0.01589140294802771,1883
8,gdansk,2025,run7_time,0.015262999288141899,923
8,geneva,2025,run7_time,-0.045500480953239775,1121
8,gent,2025,run7_time,-0.0414691230924068,1607
8,glasgow,2026,run7_time,0.0077759336093297104,2582
8,guadalajara,2026,run7_time,0.08578780812118447,585
8,hamburg,2025,run7_time,-0.05807091242792939,2019
8,heerenveen,2026,run7_time,-0.06886774103745152,1754
8,helsinki,2026,run7_time,-0.06742902845826837,802
8,hong-kong,2026,run7_time,-0.1450140418989041,1224
8,houston,2026,run7_time,-0.021664067073656534,1676
8,incheon,2026,run7_time,-0.05649017852485905,917
8,istanbul,2026,run7_time,-0.11048983980481852,599
8,johannesburg,2025,run7_time,0.13712598108640628,608
8,johannesburg,2026,run7_time,-0.09947342017934624,460
8,katowice,2026,run7_time,0.013287871218763625,884
8,las-vegas,2026,run7_time,0.04795998682780245,1930
8,lisboa,2026,run7_time,0.004503245769760467,971
8,london-excel,2025,run7_time,-0.21121856267160866,5424
8,london-olympia,2026,run7_time,-0.06254962079411397,2660
8,lyon,2026,run7_time,-0.052523583457002254,2288
8,maastricht,2025,run7_time,-0.0031642849984993004,2038
8,madrid,2025,run7_time,-0.015317764991646166,2510
8,malaga,2026,run7_time,-0.042488933473086354,1676
8,manchester,2026,run7_time,0.09087811300913717,2695
8,mechelen,2026,run7_time,-0.06315433409074012,2585
8,melbourne,2025,run7_time,-0.05100831376111248,2879
8,mexico-city,2025,run7_time,0.1603508784235952,1238
8,miami,2026,run7_time,-0.029903786745496208,1670
8,monterrey,2026,run7_time,0.05647071319356223,634
8,mumbai,2025,run7_time,0.11253834239332505,634
8,new-york,2026,run7_time,0.017592714357961725,3620
8,nice,2026,run7_time,-0.017856175071282676,1956
8,osaka,2026,run7_time,0.05098128034434635,1048
8,oslo,2025,run7_time,0.07003026483197239,1487
8,ottawa,2026,run7_time,0.029329564360180083,1165
8,paris-gp,2026,run7_time,-0.03447906332413331,2139
8,paris,2025,run7_time,0.031703285075987075,2813
8,perth,2025,run7_time,-0.06165333232720005,956
8,phoenix,2026,run7_time,0.03327153836008856,1599
8,poznan,2025,run7_time,-0.010237240790395674,1476
8,puebla,2026,run7_time,0.1603488183256998,746
8,riga,2026,run7_time,0.0016310401061054858,763
8,rimini,2026,run7_time,-0.04645136776817238,2018
8,rio-de-janeiro,2025,run7_time,0.10091537987374077,418
8,rome,2025,run7_time,-0.0734526998054239,2455
8,rotterdam,2026,run7_time,-0.035646982876244904,2241
8,sao-paulo,2025,run7_time,0.07380777750560363,237
8,sao-paulo,2026,run7_time,0.030785729350823576,325
8,seoul,2025,run7_time,0.012870177992788001,652
8,shanghai,2025,run7_time,-0.11569245243511628,843
8,shanghai,2026,run7_time,-0.1225292619968601,859
8,shenzhen,2025,run7_time,0.051974882383942766,840
8,singapore-expo,2025,run7_time,-0.028193431808899216,1125
8,singapore,2026,run7_time,0.049324386511940155,1049
8,st-gallen,2026,run7_time,0.056855637884171584,2672
8,stockholm,2025,run7_time,-0.05251404891324052,1842
8,stockholm,2026,run7_time,0.059768526854445225,1680
8,stuttgart,2025,run7_time,-0.09250405813438145,1509
8,sydney,2025,run7_time,-0.09040658551310865,1780
8,taipei,2026,run7_time,-0.06302964743483186,671
8,toronto,2025,run7_time,0.10332267529817529,1551
8,toulouse,2026,run7_time,0.0027841587616801444,1717
8,turin,2026,run7_time,-0.007775262907963154,1939
8,utrecht,2025,run7_time,0.06614952864431745,1721
8,valencia,2025,run7_time,0.0015608569536065264,1456
8,vancouver,2025,run7_time,0.03481464682768376,706
8,verona,2025,run7_time,-0.029912417341162345,1936
8,vienna,2026,run7_time,0.0019560685645758635,196
8,warsaw,2026,run7_time,0.019304411824666134,2100
8,washington-dc,2026,run7_time,-0.01060732939032083,1026
8,wuhan,2026,run7_time,0.0007930258160213643,399
9,acapulco,2026,run7_time,0.03984765533065415,804
9,athens,2026,run7_time,-0.06732268033815725,594
9,bangkok,2026,run7_time,-0.11092409081842469,1392
9,beijing,2026,run7_time,-0.07778292268294096,973
9,cape-town,2026,run7_time,0.05029223392389248,472
9,chengdu,2026,run7_time,0.06713475653202794,630
9,chiba,2026,run7_time,0.06053874876236032,562
9,delhi,2026,run7_time,0.12579945736550124,867
9,hangzhou,2026,run7_time,0.0794441453141086,591
9,istanbul,2026,run7_time,-0.12946770220904813,636
9,izmir,2026,run7_time,-0.039614144573540955,162
9,jakarta,2026,run7_time,-0.07344956487792276,727
9,maastricht,2026,run7_time,-0.01118931172801918,1860
9,mumbai,2026,run7_time,0.059658715821404584,1104
9,oslo,2026,run7_time,-0.011298473176957091,946
9,rome,2026,run7_time,-0.08946770424083983,2309
9,salt-lake-city,2026,run7_time,0.050009138104090356,982
9,shenzhen,2026,run7_time,-0.09647486256077054,744
9,sydney,2026,run7_time,-0.10456076841324224,2363
9,tenerife,2026,run7_time,0.02198235659056813,682
9,washington-dc,2026,run7_time,0.0016416958362046596,2083
7,amsterdam,2024,sandbagLunges_time,-0.003876653258677587,1901
7,anaheim,2024,sandbagLunges_time,0.04939554881164443,624
7,auckland,2025,sandbagLunges_time,0.11245249480245256,748
7,bangkok,2025,sandbagLunges_time,0.04123667704216283,1132
7,barcelona,2025,sandbagLunges_time,0.015407361025407074,1942
7,beijing,2024,sandbagLunges_time,0.07989142655141479,259
7,berlin,2025,sandbagLunges_time,-0.004034453411518091,3210
7,bilbao,2025,sandbagLunges_time,0.01714574364668242,812
7,birmingham,2024,sandbagLunges_time,0.00747941973777233,2437
7,brisbane,2024,sandbagLunges_time,0.0908769016206794,649
7,brisbane,2025,sandbagLunges_time,0.0355681666288028,1447
7,cape-town,2024,sandbagLunges_time,0.04011279884693564,266
7,chicago-navy-pier,2024,sandbagLunges_time,0.03335057677719244,877
7,ciudad-de-mexico,2024,sandbagLunges_time,0.08892761725023468,471
7,copenhagen,2025,sandbagLunges_time,-0.018668901710848673,1257
7,dallas,2024,sandbagLunges_time,0.011247502665925557,824
7,dublin,2024,sandbagLunges_time,-0.007390977971288404,1554
7,frankfurt,2024,sandbagLunges_time,-0.013246819617151684,1582
7,glasgow,2025,sandbagLunges_time,-0.009126136411119035,3107
7,guadalajara,2025,sandbagLunges_time,0.005531839821405704,302
7,hamburg,2024,sandbagLunges_time,0.02872696071864822,1177
7,heerenveen,2025,sandbagLunges_time,0.026021765306776246,1520
7,hong-kong,2024,sandbagLunges_time,0.01823667899674075,761
7,houston,2025,sandbagLunges_time,0.04222284589533043,1003
7,incheon,2024,sandbagLunges_time,0.0008067698959612901,233
7,incheon,2025,sandbagLunges_time,-0.04312841714662885,394
7,johannesburg-i,2025,sandbagLunges_time,0.05830962865230305,873
7,johannesburg,2025,sandbagLunges_time,0.038178787645025025,873
7,karlsruhe,2025,sandbagLunges_time,-0.007191793195817753,1085
7,las-vegas,2025,sandbagLunges_time,0.039876819169868405,1233
7,london,2024,sandbagLunges_time,-0.0033702001823182615,2296
7,london,2025,sandbagLunges_time,0.016784467075465992,2408
7,madrid,2024,sandbagLunges_time,0.06792662765401891,781
7,malaga,2025,sandbagLunges_time,0.005361750377813612,1629
7,manchester,2024,sandbagLunges_time,0.029577971817084103,1148
7,manchester,2025,sandbagLunges_time,0.039236639304848,1340
7,marseille,2024,sandbagLunges_time,0.049096509417455136,1322
7,melbourne,2024,sandbagLunges_time,0.042658986305918356,1606
7,miami-beach,2025,sandbagLunges_time,-0.023398482394517917,1021
7,milan,2024,sandbagLunges_time,0.06523771057928518,1252
7,monterrey,2025,sandbagLunges_time,-0.006265368153073769,456
7,mumbai,2025,sandbagLunges_time,-0.026903066993153146,348
7,new-york,2025,sandbagLunges_time,0.019362094600146484,966
7,nice,2024,sandbagLunges_time,0.043589808568738064,642
7,paris,2024,sandbagLunges_time,0.029394842969203472,1384
7,paris,2025,sandbagLunges_time,0.06024930252447458,2053
7,perth,2024,sandbagLunges_time,0.07651999087436501,457
7,poznan,2024,sandbagLunges_time,0.004987627012011719,838
7,riga,2025,sandbagLunges_time,-0.018206791539737144,559
7,rimini,2025,sandbagLunges_time,0.015563105006995981,1934
7,rotterdam,2025,sandbagLunges_time,0.031607045592665806,2113
7,shanghai,2025,sandbagLunges_time,0.10069013835116092,471
7,sharjah,2025,sandbagLunges_time,0.05978254828529428,432
7,singapore-national-stadium,2024,sandbagLunges_time,0.018658121970752894,696
7,singapore,2024,sandbagLunges_time,-0.026145193381607257,692
7,stockholm,2024,sandbagLunges_time,0.006345470452879143,1073
7,stuttgart,2024,sandbagLunges_time,0.03850165661158611,813
7,sydney,2024,sandbagLunges_time,0.053361392150298226,611
7,taipei,2025,sandbagLunges_time,0.008296794819856235,583
7,toronto,2024,sandbagLunges_time,0.02938234814147589,1001
7,toulouse,2025,sandbagLunges_time,0.07062480079507005,1466
7,vienna,2025,sandbagLunges_time,-0.025325923410114082,1101
7,warsaw,2025,sandbagLunges_time,-0.05257262296759402,1654
8,acapulco,2025,sandbagLunges_time,0.02148264279254475,691
8,amsterdam,2026,sandbagLunges_time,-0.005191651580757961,2940
8,anaheim,2025,sandbagLunges_time,0.05829355109336709,1523
8,apac-championship-brisbane,2026,sandbagLunges_time,-0.08110092318383177,541
8,atlanta,2025,sandbagLunges_time,0.0182943302867844,709
8,auckland,2026,sandbagLunges_time,0.09329464592734649,959
8,bangkok,2026,sandbagLunges_time,-0.0012185355509046758,2134
8,barcelona,2026,sandbagLunges_time,-0.12550996591212304,1931
8,beijing,2025,sandbagLunges_time,0.06487225728915358,712
8,beijing,2026,sandbagLunges_time,0.035340567277985624,779
8,bengaluru,2026,sandbagLunges_time,0.030959054963049404,1020
8,berlin,2026,sandbagLunges_time,0.0004890237137287201,3980
8,bilbao,2026,sandbagLunges_time,-0.04266485503902029,1040
8,birmingham,2025,sandbagLunges_time,-0.024864930035734867,4132
8,bologna,2026,sandbagLunges_time,-0.027453375565274496,1723
8,bordeaux,2025,sandbagLunges_time,0.0021019641137847156,2409
8,boston,2025,sandbagLunges_time,-0.005669532443725145,1580
8,brisbane,2026,sandbagLunges_time,-0.07611866787967514,1302
8,buenos-aires,2026,sandbagLunges_time,-0.0038008467233766607,185
8,cancun,2026,sandbagLunges_time,0.0352469723721236,742
8,cape-town,2025,sandbagLunges_time,0.02654806494268902,677
8,cape-town,2026,sandbagLunges_time,-0.01662147670008096,677
8,chicago,2025,sandbagLunges_time,-0.007266474392674693,1461
8,cologne,2026,sandbagLunges_time,-0.02117537585696594,1404
8,copenhagen,2026,sandbagLunges_time,-0.044213323369670654,1371
8,dallas,2025,sandbagLunges_time,0.013887189811902845,1095
8,delhi,2025,sandbagLunges_time,0.03295824750423337,514
8,dublin,2025,sandbagLunges_time,-0.19093457318445273,2440
8,emea-london-olympia,2026,sandbagLunges_time,-0.06601118721090682,1058
8,fortaleza,2026,sandbagLunges_time,-0.012697408805750432,239
8,frankfurt,2025,sandbagLunges_time,-0.034638741770090076,1883
8,gdansk,2025,sandbagLunges_time,0.01908294760224205,923
8,geneva,2025,sandbagLunges_time,-0.011310011550305199,1121
8,gent,2025,sandbagLunges_time,-0.026888787780636303,1607
8,glasgow,2026,sandbagLunges_time,-0.09759743980123059,2582
8,guadalajara,2026,sandbagLunges_time,0.05360253733871678,585
8,hamburg,2025,sandbagLunges_time,0.013501953731634986,2019
8,heerenveen,2026,sandbagLunges_time,-0.0973237734549397,1754
8,helsinki,2026,sandbagLunges_time,-0.08177093901733201,802
8,hong-kong,2026,sandbagLunges_time,0.026554162879089516,1224
8,houston,2026,sandbagLunges_time,-0.02993700293295931,1676
8,incheon,2026,sandbagLunges_time,-0.05049086619451737,917
8,istanbul,2026,sandbagLunges_time,-0.08730212531458204,599
8,johannesburg,2025,sandbagLunges_time,0.06975824546457687,608
8,johannesburg,2026,sandbagLunges_time,0.01010063087941182,460
8,katowice,2026,sandbagLunges_time,-0.01615896870177036,884
8,las-vegas,2026,sandbagLunges_time,0.0015196768184451148,1930
8,lisboa,2026,sandbagLunges_time,-0.03294105277611725,971
8,london-excel,2025,sandbagLunges_time,-0.014937893528263468,5424
8,london-olympia,2026,sandbagLunges_time,-0.059582404895031305,2660
8,lyon,2026,sandbagLunges_time,-0.04155854942200621,2288
8,maastricht,2025,sandbagLunges_time,0.055845060076600506,2038
8,madrid,2025,sandbagLunges_time,-0.07103326782329622,2510
8,malaga,2026,sandbagLunges_time,-0.27163173841468036,1676
8,manchester,2026,sandbagLunges_time,0.038951530139207824,2695
8,mechelen,2026,sandbagLunges_time,-0.038142265590168534,2585
8,melbourne,2025,sandbagLunges_time,-0.00881221458477166,2879
8,mexico-city,2025,sandbagLunges_time,0.07805905462884732,1238
8,miami,2026,sandbagLunges_time,-0.009972887442869949,1670
8,monterrey,2026,sandbagLunges_time,0.030678773185275565,634
8,mumbai,2025,sandbagLunges_time,-0.022163455276043798,634
8,new-york,2026,sandbagLunges_time,0.03233267791258476,3620
8,nice,2026,sandbagLunges_time,-0.019147647296562154,1956
8,osaka,2026,sandbagLunges_time,-0.02530758179425563,1048
8,oslo,2025,sandbagLunges_time,0.007722739740211093,1487
8,ottawa,2026,sandbagLunges_time,0.028430937319530836,1165
8,paris-gp,2026,sandbagLunges_time,-0.008548785213556176,2139
8,paris,2025,sandbagLunges_time,0.08666169275299507,2813
8,perth,2025,sandbagLunges_time,0.06955063557278307,956
8,phoenix,2026,sandbagLunges_time,0.030641495953636966,1599
8,poznan,2025,sandbagLunges_time,-0.004917505481000228,1476
8,puebla,2026,sandbagLunges_time,0.12901958330807362,746
8,riga,2026,sandbagLunges_time,-0.03811267994415679,763
8,rimini,2026,sandbagLunges_time,-0.028503070287796972,2018
8,rio-de-janeiro,2025,sandbagLunges_time,-0.054562303421621716,418
8,rome,2025,sandbagLunges_time,0.06077574532584884,2455
8,rotterdam,2026,sandbagLunges_time,0.0005005156901938257,2241
8,sao-paulo,2025,sandbagLunges_time,0.09935548272211547,237
8,sao-paulo,2026,sandbagLunges_time,0.021300294041555645,325
8,seoul,2025,sandbagLunges_time,-0.11284295007558753,652
8,shanghai,2025,sandbagLunges_time,0.0037295810941981866,843
8,shanghai,2026,sandbagLunges_time,-0.012080982775908855,859
8,shenzhen,2025,sandbagLunges_time,0.014819762492130906,840
8,singapore-expo,2025,sandbagLunges_time,-0.058102923706056075,1125
8,singapore,2026,sandbagLunges_time,0.06641027758626761,1049
8,st-gallen,2026,sandbagLunges_time,0.036656883540931995,2672
8,stockholm,2025,sandbagLunges_time,-0.006647249961076018,1842
8,stockholm,2026,sandbagLunges_time,-0.07867435705395354,1680
8,stuttgart,2025,sandbagLunges_time,0.026470109756730142,1509
8,sydney,2025,sandbagLunges_time,0.07435662815373556,1780
8,taipei,2026,sandbagLunges_time,0.019451503299608985,671
8,toronto,2025,sandbagLunges_time,0.025383477007500765,1551
8,toulouse,2026,sandbagLunges_time,-0.010019688921419467,1717
8,turin,2026,sandbagLunges_time,0.0010883328519954993,1939
8,utrecht,2025,sandbagLunges_time,0.02686483506717452,1721
8,valencia,2025,sandbagLunges_time,0.002955744262858717,1456
8,vancouver,2025,sandbagLunges_time,0.01583783840794184,706
8,verona,2025,sandbagLunges_time,0.0073136717665314155,1936
8,vienna,2026,sandbagLunges_time,-0.04420090192906201,196
8,warsaw,2026,sandbagLunges_time,-0.09309910941558697,2100
8,washington-dc,2026,sandbagLunges_time,0.062008928154927645,1026
8,wuhan,2026,sandbagLunges_time,0.031190476137463508,399
9,acapulco,2026,sandbagLunges_time,0.03437888839584269,804
9,athens,2026,sandbagLunges_time,-0.0564777912124671,594
9,bangkok,2026,sandbagLunges_time,-0.03230134458154632,1392
9,beijing,2026,sandbagLunges_time,-0.11132488068235147,973
9,cape-town,2026,sandbagLunges_time,0.003145294569849577,472
9,chengdu,2026,sandbagLunges_time,-0.008160133057676378,630
9,chiba,2026,sandbagLunges_time,-0.059931905165701016,562
9,delhi,2026,sandbagLunges_time,0.005719202652421984,867
9,hangzhou,2026,sandbagLunges_time,0.006708368858015401,591
9,istanbul,2026,sandbagLunges_time,-0.056510618518070266,636
9,izmir,2026,sandbagLunges_time,-0.04274337057763067,162
9,jakarta,2026,sandbagLunges_time,-0.2740692069594024,727
9,maastricht,2026,sandbagLunges_time,-0.002334646787938377,1860
9,mumbai,2026,sandbagLunges_time,-0.049673145410255914,1104
9,oslo,2026,sandbagLunges_time,-0.06339077764645873,946
9,rome,2026,sandbagLunges_time,-0.007391933857307964,2309
9,salt-lake-city,2026,sandbagLunges_time,0.052359544759427834,982
9,shenzhen,2026,sandbagLunges_time,-0.027287152530218184,744
9,sydney,2026,sandbagLunges_time,0.0234535220528993,2363
9,tenerife,2026,sandbagLunges_time,0.028675125755438735,682
9,washington-dc,2026,sandbagLunges_time,0.01065093235543757,2083
7,amsterdam,2024,run8_time,0.11393393359135495,1901
7,anaheim,2024,run8_time,0.0698627890129957,624
7,auckland,2025,run8_time,0.026226613844094526,748
7,bangkok,2025,run8_time,-0.00925092519705395,1132
7,barcelona,2025,run8_time,-0.019236197860879267,1942
7,beijing,2024,run8_time,-0.008228976989403836,259
7,berlin,2025,run8_time,0.056456490033018225,3210
7,bilbao,2025,run8_time,-0.03745215986152217,812
7,birmingham,2024,run8_time,-0.017327182526535645,2437
7,brisbane,2024,run8_time,0.05972280567289934,649
7,brisbane,2025,run8_time,0.022296670150184106,1447
7,cape-town,2024,run8_time,0.041510875686662896,266
7,chicago-navy-pier,2024,run8_time,0.023217435857136204,877
7,ciudad-de-mexico,2024,run8_time,0.1674523604398095,471
7,copenhagen,2025,run8_time,-0.025056844169048742,1257
7,dallas,2024,run8_time,0.10277500302660725,824
7,dublin,2024,run8_time,-0.2293152571930498,1554
7,frankfurt,2024,run8_time,0.05364593345678936,1582
7,glasgow,2025,run8_time,-0.14348240028891923,3107
7,guadalajara,2025,run8_time,0.058564778382315774,302
7,hamburg,2024,run8_time,-0.019627615988540792,1177
7,heerenveen,2025,run8_time,-0.008731541745322424,1520
7,hong-kong,2024,run8_time,-0.021409120450889496,761
7,houston,2025,run8_time,0.047653793987703086,1003
7,incheon,2024,run8_time,0.0885278226401407,233
7,incheon,2025,run8_time,0.0018863215850983828,394
7,johannesburg-i,2025,run8_time,0.21246493908092745,873
7,johannesburg,2025,run8_time,0.19134978648766587,873
7,karlsruhe,2025,run8_time,0.12020508178398903,1085
7,las-vegas,2025,run8_time,-0.017229532223299482,1233
7,london,2024,run8_time,-0.020593036474512827,2296
7,london,2025,run8_time,0.16932424097844123,2408
7,madrid,2024,run8_time,-0.014260986243008977,781
7,malaga,2025,run8_time,-0.020419501020107367,1629
7,manchester,2024,run8_time,0.07787591126583981,1148
7,manchester,2025,run8_time,0.008050529761479464,1340
7,marseille,2024,run8_time,-0.05855184169762595,1322
7,melbourne,2024,run8_time,0.08121471170104932,1606
7,miami-beach,2025,run8_time,-0.014201389025266686,1021
7,milan,2024,run8_time,-0.16903830121826036,1252
7,monterrey,2025,run8_time,0.09917418989465343,456
7,mumbai,2025,run8_time,0.020421909066114408,348
7,new-york,2025,run8_time,0.2904424013802025,966
7,nice,2024,run8_time,0.026440482110035246,642
7,paris,2024,run8_time,0.10227893988411463,1384
7,paris,2025,run8_time,-0.1447677883101376,2053
7,perth,2024,run8_time,-0.04014475860357847,457
7,poznan,2024,run8_time,0.010731479506880248,838
7,riga,2025,run8_time,0.07281748697730284,559
7,rimini,2025,run8_time,-0.24371368645716474,1934
7,rotterdam,2025,run8_time,0.03509187322484264,2113
7,shanghai,2025,run8_time,-0.03316117931561424,471
7,sharjah,2025,run8_time,0.07796189564323708,432
7,singapore-national-stadium,2024,run8_time,0.1062089333334304,696
7,singapore,2024,run8_time,0.1350287768969729,692
7,stockholm,2024,run8_time,0.007020877550693028,1073
7,stuttgart,2024,run8_time,0.04622561140343384,813
7,sydney,2024,run8_time,0.1533181215660382,611
7,taipei,2025,run8_time,0.14589606655907517,583
7,toronto,2024,run8_time,0.07907531857049865,1001
7,toulouse,2025,run8_time,-0.06620326758543249,1466
7,vienna,2025,run8_time,0.02002896394362219,1101
7,warsaw,2025,run8_time,-0.12953781948056953,1654
8,acapulco,2025,run8_time,0.1564605508548269,691
8,amsterdam,2026,run8_time,0.009682210060852015,2940
8,anaheim,2025,run8_time,0.2265694039385704,1523
8,apac-championship-brisbane,2026,run8_time,-0.07356603716294341,541
8,atlanta,2025,run8_time,-0.009143627947475697,709
8,auckland,2026,run8_time,0.11846202264691419,959
8,bangkok,2026,run8_time,-0.05329679260834552,2134
8,barcelona,2026,run8_time,-0.07450710630313895,1931
8,beijing,2025,run8_time,-0.005476675896938232,712
8,beijing,2026,run8_time,-0.07023040627957222,779
8,bengaluru,2026,run8_time,0.02987135333899049,1020
8,berlin,2026,run8_time,0.05505805767952476,3980
8,bilbao,2026,run8_time,-0.07413186440398467,1040
8,birmingham,2025,run8_time,-0.08177438754741928,4132
8,bologna,2026,run8_time,-0.03324945262874246,1723
8,bordeaux,2025,run8_time,-0.009429564415398772,2409
8,boston,2025,run8_time,0.00959527192054832,1580
8,brisbane,2026,run8_time,-0.06817482463539604,1302
8,buenos-aires,2026,run8_time,-0.16529305482686651,185
8,cancun,2026,run8_time,0.16057299557176918,742
8,cape-town,2025,run8_time,0.09578292957252366,677
8,cape-town,2026,run8_time,0.08137801575620984,677
8,chicago,2025,run8_time,0.12634659546342353,1461
8,cologne,2026,run8_time,-0.08484701148892537,1404
8,copenhagen,2026,run8_time,-0.07967479166354463,1371
8,dallas,2025,run8_time,0.026407426670836287,1095
8,delhi,2025,run8_time,0.07071273290816915,514
8,dublin,2025,run8_time,-0.26666436834942187,2440
8,emea-london-olympia,2026,run8_time,0.21856386612552403,1058
8,fortaleza,2026,run8_time,-0.014865845159224067,239
8,frankfurt,2025,run8_time,0.021458628712000882,1883
8,gdansk,2025,run8_time,0.003659967774054085,923
8,geneva,2025,run8_time,-0.015106490652239568,1121
8,gent,2025,run8_time,-0.06854220671967237,1607
8,glasgow,2026,run8_time,0.08057814891580617,2582
8,guadalajara,2026,run8_time,0.12857852581704976,585
8,hamburg,2025,run8_time,-0.022161422971013756,2019
8,heerenveen,2026,run8_time,-0.05194949557076012,1754
8,helsinki,2026,run8_time,0.03196569819973982,802
8,hong-kong,2026,run8_time,0.0638604328078245,1224
8,houston,2026,run8_time,-0.028500067260612272,1676
8,incheon,2026,run8_time,-0.061091646347952056,917
8,istanbul,2026,run8_time,-0.07599420033767412,599
8,johannesburg,2025,run8_time,0.19122067939654497,608
8,johannesburg,2026,run8_time,0.25579224643904186,460
8,katowice,2026,run8_time,0.03747710361597334,884
8,las-vegas,2026,run8_time,0.012211144961398634,1930
8,lisboa,2026,run8_time,0.005792034834531279,971
8,london-excel,2025,run8_time,0.04951520707509682,5424
8,london-olympia,2026,run8_time,0.21007505380250113,2660
8,lyon,2026,run8_time,-0.059892173815349836,2288
8,maastricht,2025,run8_time,0.04254820279610505,2038
8,madrid,2025,run8_time,0.09457297680996302,2510
8,malaga,2026,run8_time,-0.0922596346248834,1676
8,manchester,2026,run8_time,-0.12741965447986925,2695
8,mechelen,2026,run8_time,-0.04927094281614941,2585
8,melbourne,2025,run8_time,0.05078957697384623,2879
8,mexico-city,2025,run8_time,-0.02934398166322083,1238
8,miami,2026,run8_time,-0.04331947806500547,1670
8,monterrey,2026,run8_time,0.02939512216995044,634
8,mumbai,2025,run8_time,0.04376275080240766,634
8,new-york,2026,run8_time,0.21665574282834998,3620
8,nice,2026,run8_time,-0.04998583477049412,1956
8,osaka,2026,run8_time,-0.22850420128464521,1048
8,oslo,2025,run8_time,-0.1079679226261755,1487
8,ottawa,2026,run8_time,0.037379677035390246,1165
8,paris-gp,2026,run8_time,-0.16574913508801759,2139
8,paris,2025,run8_time,0.06610847138941378,2813
8,perth,2025,run8_time,-0.08861145075442156,956
8,phoenix,2026,run8_time,0.04810528730423291,1599
8,poznan,2025,run8_time,-0.015698200788795802,1476
8,puebla,2026,run8_time,0.160752760361218,746
8,riga,2026,run8_time,-0.09609958447033873,763
8,rimini,2026,run8_time,0.03038082042772916,2018
8,rio-de-janeiro,2025,run8_time,-0.03327597418898598,418
8,rome,2025,run8_time,0.023035583939459814,2455
8,rotterdam,2026,run8_time,0.038300204119533054,2241
8,sao-paulo,2025,run8_time,0.12684717019665537,237
8,sao-paulo,2026,run8_time,-0.02325438133933988,325
8,seoul,2025,run8_time,0.01746283614663735,652
8,shanghai,2025,run8_time,-0.07655047938481452,843
8,shanghai,2026,run8_time,-0.08412629154946427,859
8,shenzhen,2025,run8_time,-0.07640385663129445,840
8,singapore-expo,2025,run8_time,0.10722424004240949,1125
8,singapore,2026,run8_time,0.0023122181932611063,1049
8,st-gallen,2026,run8_time,0.003997584522274389,2672
8,stockholm,2025,run8_time,-0.02812907113009744,1842
8,stockholm,2026,run8_time,0.058028954639654406,1680
8,stuttgart,2025,run8_time,-0.06613849064710409,1509
8,sydney,2025,run8_time,0.17511838735378582,1780
8,taipei,2026,run8_time,-0.10546035950233079,671
8,toronto,2025,run8_time,-0.06659602051468605,1551
8,toulouse,2026,run8_time,-0.004534133065133394,1717
8,turin,2026,run8_time,0.027169808491501746,1939
8,utrecht,2025,run8_time,-0.16279917309614478,1721
8,valencia,2025,run8_time,0.030514788790995562,1456
8,vancouver,2025,run8_time,0.0692170540647401,706
8,verona,2025,run8_time,-0.03477151684637381,1936
8,vienna,2026,run8_time,0.022419326558319685,196
8,warsaw,2026,run8_time,-0.17587178976213136,2100
8,washington-dc,2026,run8_time,-0.11807990941512347,1026
8,wuhan,2026,run8_time,-0.017864781064195978,399
9,acapulco,2026,run8_time,0.03208945351076098,804
9,athens,2026,run8_time,-0.09760934879911243,594
9,bangkok,2026,run8_time,-0.0064609195054644575,1392
9,beijing,2026,run8_time,-0.03067621610503113,973
9,cape-town,2026,run8_time,0.004980213205589168,472
9,chengdu,2026,run8_time,-0.10602627078692883,630
9,chiba,2026,run8_time,-0.19564741463061142,562
9,delhi,2026,run8_time,-0.22719176382434003,867
9,hangzhou,2026,run8_time,-0.16815700553089208,591
9,istanbul,2026,run8_time,-0.10906797987540195,636
9,izmir,2026,run8_time,-0.04115313825622646,162
9,jakarta,2026,run8_time,0.051390102812654215,727
9,maastricht,2026,run8_time,0.014959592245394449,1860
9,mumbai,2026,run8_time,-0.3484006747259709,1104
9,oslo,2026,run8_time,0.12073424938727206,946
9,rome,2026,run8_time,0.005577039441794218,2309
9,salt-lake-city,2026,run8_time,0.032864918841325697,982
9,shenzhen,2026,run8_time,-0.07282634736020521,744
9,sydney,2026,run8_time,0.18796505390252727,2363
9,tenerife,2026,run8_time,0.0774386044413331,682
9,washington-dc,2026,run8_time,-0.11476498601288887,2083
7,amsterdam,2024,wallBalls_time,-0.06866735699901527,1901
7,anaheim,2024,wallBalls_time,-0.016046902739821345,624
7,auckland,2025,wallBalls_time,0.003832129463096523,748
7,bangkok,2025,wallBalls_time,-0.009415230217378001,1132
7,barcelona,2025,wallBalls_time,-0.0016795123005816093,1942
7,beijing,2024,wallBalls_time,0.04352573266883164,259
7,berlin,2025,wallBalls_time,-0.08143429405796654,3210
7,bilbao,2025,wallBalls_time,-0.053056257542737795,812
7,birmingham,2024,wallBalls_time,0.009695106763859984,2437
7,brisbane,2024,wallBalls_time,-0.13205843484301627,649
7,brisbane,2025,wallBalls_time,-0.08353358904241392,1447
7,cape-town,2024,wallBalls_time,0.029577265339424397,266
7,chicago-navy-pier,2024,wallBalls_time,-0.09828081143635214,877
7,ciudad-de-mexico,2024,wallBalls_time,0.05637536112967978,471
7,copenhagen,2025,wallBalls_time,-0.0778017834600756,1257
7,dallas,2024,wallBalls_time,-0.03921249493437351,824
7,dublin,2024,wallBalls_time,-0.01532137685336632,1554
7,frankfurt,2024,wallBalls_time,-0.01475609244271947,1582
7,glasgow,2025,wallBalls_time,-0.03994313272056671,3107
7,guadalajara,2025,wallBalls_time,-0.030299598014133733,302
7,hamburg,2024,wallBalls_time,-0.04777546765995566,1177
7,heerenveen,2025,wallBalls_time,-0.06494072783614036,1520
7,hong-kong,2024,wallBalls_time,0.07489145676302256,761
7,houston,2025,wallBalls_time,-0.05527258674123603,1003
7,incheon,2024,wallBalls_time,-0.042838361658545376,233
7,incheon,2025,wallBalls_time,-0.04560952530122775,394
7,johannesburg-i,2025,wallBalls_time,0.21133984309152565,873
7,johannesburg,2025,wallBalls_time,0.17192769693577237,873
7,karlsruhe,2025,wallBalls_time,-0.07643311369131878,1085
7,las-vegas,2025,wallBalls_time,-0.026859264140595918,1233
7,london,2024,wallBalls_time,0.004917077232799549,2296
7,london,2025,wallBalls_time,0.03447460822000936,2408
7,madrid,2024,wallBalls_time,-0.014729955867043287,781
7,malaga,2025,wallBalls_time,-0.06733714131020374,1629
7,manchester,2024,wallBalls_time,-0.030731856253032985,1148
7,manchester,2025,wallBalls_time,0.016966321658297145,1340
7,marseille,2024,wallBalls_time,-0.02712138828771804,1322
7,melbourne,2024,wallBalls_time,-0.09133701633558289,1606
7,miami-beach,2025,wallBalls_time,0.022580621368145648,1021
7,milan,2024,wallBalls_time,0.043780698982777144,1252
7,monterrey,2025,wallBalls_time,-0.08016073772936161,456
7,mumbai,2025,wallBalls_time,-0.08290743118025734,348
7,new-york,2025,wallBalls_time,0.018829411271552132,966
7,nice,2024,wallBalls_time,0.034800368742160304,642
7,paris,2024,wallBalls_time,0.01761894912565931,1384
7,paris,2025,wallBalls_time,-0.0001443872577793215,2053
7,perth,2024,wallBalls_time,-0.08518723621591096,457
7,poznan,2024,wallBalls_time,0.030302576535230052,838
7,riga,2025,wallBalls_time,-0.010006133558913222,559
7,rimini,2025,wallBalls_time,0.039986269045238165,1934
7,rotterdam,2025,wallBalls_time,-0.11210600378359614,2113
7,shanghai,2025,wallBalls_time,0.09367976301013359,471
7,sharjah,2025,wallBalls_time,-0.0980681485204532,432
7,singapore-national-stadium,2024,wallBalls_time,0.06191628706854502,696
7,singapore,2024,wallBalls_time,-0.003959732911687386,692
7,stockholm,2024,wallBalls_time,-0.04975532741914657,1073
7,stuttgart,2024,wallBalls_time,0.05267568424865998,813
7,sydney,2024,wallBalls_time,-0.11175547917784512,611
7,taipei,2025,wallBalls_time,-0.0010054577775784335,583
7,toronto,2024,wallBalls_time,-0.026281285442381175,1001
7,toulouse,2025,wallBalls_time,-0.0003385606879523495,1466
7,vienna,2025,wallBalls_time,-0.09104174120443942,1101
7,warsaw,2025,wallBalls_time,-0.0654751170347383,1654
8,acapulco,2025,wallBalls_time,0.07838305221237363,691
8,amsterdam,2026,wallBalls_time,-0.005932337975153801,2940
8,anaheim,2025,wallBalls_time,0.10735968060317358,1523
8,apac-championship-brisbane,2026,wallBalls_time,-0.013497354702562192,541
8,atlanta,2025,wallBalls_time,0.032556023284643354,709
8,auckland,2026,wallBalls_time,-0.00411074985647264,959
8,bangkok,2026,wallBalls_time,-0.012333941164871187,2134
8,barcelona,2026,wallBalls_time,-0.07439996283265438,1931
8,beijing,2025,wallBalls_time,0.08412155331162063,712
8,beijing,2026,wallBalls_time,-0.01418929048873474,779
8,bengaluru,2026,wallBalls_time,-0.06719348868395514,1020
8,berlin,2026,wallBalls_time,-0.022785640876320845,3980
8,bilbao,2026,wallBalls_time,-0.04028332676583091,1040
8,birmingham,2025,wallBalls_time,0.025775543461894257,4132
8,bologna,2026,wallBalls_time,-0.0631966301734781,1723
8,bordeaux,2025,wallBalls_time,0.027178243395814983,2409
8,boston,2025,wallBalls_time,0.126121522784161,1580
8,brisbane,2026,wallBalls_time,-0.015367324625224055,1302
8,buenos-aires,2026,wallBalls_time,-0.12203475266297237,185
8,cancun,2026,wallBalls_time,0.10367485866490611,742
8,cape-town,2025,wallBalls_time,0.06558031984191759,677
8,cape-town,2026,wallBalls_time,0.024647389409041986,677
8,chicago,2025,wallBalls_time,0.049663944713772334,1461
8,cologne,2026,wallBalls_time,0.003924560965890889,1404
8,copenhagen,2026,wallBalls_time,-0.03479219230997288,1371
8,dallas,2025,wallBalls_time,0.07835470400503741,1095
8,delhi,2025,wallBalls_time,0.053962541044939805,514
8,dublin,2025,wallBalls_time,0.04178247189230788,2440
8,emea-london-olympia,2026,wallBalls_time,-0.014472197261596764,1058
8,fortaleza,2026,wallBalls_time,-0.018676038317236854,239
8,frankfurt,2025,wallBalls_time,-0.023873785045675944,1883
8,gdansk,2025,wallBalls_time,0.003559984683145112,923
8,geneva,2025,wallBalls_time,0.06972123029582145,1121
8,gent,2025,wallBalls_time,0.012821945828243475,1607
8,glasgow,2026,wallBalls_time,0.016392133494067096,2582
8,guadalajara,2026,wallBalls_time,0.03065349700313247,585
8,hamburg,2025,wallBalls_time,0.022932936467009446,2019
8,heerenveen,2026,wallBalls_time,-0.04656792615774186,1754
8,helsinki,2026,wallBalls_time,-0.08064512891185538,802
8,hong-kong,2026,wallBalls_time,0.033009934704368415,1224
8,houston,2026,wallBalls_time,0.046644570573866506,1676
8,incheon,2026,wallBalls_time,-0.05259886719792628,917
8,istanbul,2026,wallBalls_time,-0.04099189112697321,599
8,johannesburg,2025,wallBalls_time,0.1520364517260293,608
8,johannesburg,2026,wallBalls_time,0.029465874707801598,460
8,katowice,2026,wallBalls_time,-0.04936992868559653,884
8,las-vegas,2026,wallBalls_time,0.05064771237246246,1930
8,lisboa,2026,wallBalls_time,-0.009699950272000435,971
8,london-excel,2025,wallBalls_time,0.024090055173930036,5424
8,london-olympia,2026,wallBalls_time,-0.018230133182393415,2660
8,lyon,2026,wallBalls_time,-0.05535511311288677,2288
8,maastricht,2025,wallBalls_time,0.18760551032273898,2038
8,madrid,2025,wallBalls_time,0.019355072721255695,2510
8,malaga,2026,wallBalls_time,-0.07377930477270056,1676
8,manchester,2026,wallBalls_time,0.01942138266269544,2695
8,mechelen,2026,wallBalls_time,-0.027335702703836007,2585
8,melbourne,2025,wallBalls_time,-0.06558017352138357,2879
8,mexico-city,2025,wallBalls_time,0.09790724564234243,1238
8,miami,2026,wallBalls_time,0.01797616721979778,1670
8,monterrey,2026,wallBalls_time,0.0059829565583198185,634
8,mumbai,2025,wallBalls_time,-0.02919530273338644,634
8,new-york,2026,wallBalls_time,0.04339694254549209,3620
8,nice,2026,wallBalls_time,0.032129012200397655,1956
8,osaka,2026,wallBalls_time,-0.03520891250956515,1048
8,oslo,2025,wallBalls_time,-0.005682109436114247,1487
8,ottawa,2026,wallBalls_time,0.021180070989087474,1165
8,paris-gp,2026,wallBalls_time,-0.026242366537096995,2139
8,paris,2025,wallBalls_time,0.06421430543059148,2813
8,perth,2025,wallBalls_time,0.00975789724174514,956
8,phoenix,2026,wallBalls_time,0.03160850250755809,1599
8,poznan,2025,wallBalls_time,-0.010804733815577228,1476
8,puebla,2026,wallBalls_time,0.15412569490572414,746
8,riga,2026,wallBalls_time,-0.05059331450050375,763
8,rimini,2026,wallBalls_time,0.05812973885009054,2018
8,rio-de-janeiro,2025,wallBalls_time,0.0008080561872558789,418
8,rome,2025,wallBalls_time,0.059954010145968795,2455
8,rotterdam,2026,wallBalls_time,0.0023058400120579137,2241
8,sao-paulo,2025,wallBalls_time,0.11035276099404379,237
8,sao-paulo,2026,wallBalls_time,-0.027230458601594454,325
8,seoul,2025,wallBalls_time,-0.056454418235028614,652
8,shanghai,2025,wallBalls_time,-0.017671556135037014,843
8,shanghai,2026,wallBalls_time,-0.006606909425765473,859
8,shenzhen,2025,wallBalls_time,0.0598293074114451,840
8,singapore-expo,2025,wallBalls_time,0.05145924038984595,1125
8,singapore,2026,wallBalls_time,0.13339114899839544,1049
8,st-gallen,2026,wallBalls_time,0.08043138119970927,2672
8,stockholm,2025,wallBalls_time,0.01867253708351968,1842
8,stockholm,2026,wallBalls_time,0.045594813098898346,1680
8,stuttgart,2025,wallBalls_time,0.07674427919407045,1509
8,sydney,2025,wallBalls_time,-0.027242754281824433,1780
8,taipei,2026,wallBalls_time,0.05903126100963818,671
8,toronto,2025,wallBalls_time,0.13359673410517448,1551
8,toulouse,2026,wallBalls_time,-0.017068540555747247,1717
8,turin,2026,wallBalls_time,0.022135783935478992,1939
8,utrecht,2025,wallBalls_time,0.04908049921662161,1721
8,valencia,2025,wallBalls_time,0.047261855159191235,1456
8,vancouver,2025,wallBalls_time,0.028579473341974415,706
8,verona,2025,wallBalls_time,0.006516073033264513,1936
8,vienna,2026,wallBalls_time,-0.04040530842836709,196
8,warsaw,2026,wallBalls_time,-0.08038988451187179,2100
8,washington-dc,2026,wallBalls_time,0.0644890970592924,1026
8,wuhan,2026,wallBalls_time,0.05424729211239243,399
9,acapulco,2026,wallBalls_time,0.05348116199846897,804
9,athens,2026,wallBalls_time,-0.07752256390374446,594
9,bangkok,2026,wallBalls_time,-0.037794948672895234,1392
9,beijing,2026,wallBalls_time,-0.08302233651052182,973
9,cape-town,2026,wallBalls_time,-0.04174972708641522,472
9,chengdu,2026,wallBalls_time,0.012620605589822365,630
9,chiba,2026,wallBalls_time,-0.025229456722146715,562
9,delhi,2026,wallBalls_time,-0.033374093548506734,867
9,hangzhou,2026,wallBalls_time,0.030265420058984027,591
9,istanbul,2026,wallBalls_time,-0.07764669579177685,636
9,izmir,2026,wallBalls_time,-0.07749000921665405,162
9,jakarta,2026,wallBalls_time,0.04688087490876769,727
9,maastricht,2026,wallBalls_time,-0.020424719132109637,1860
9,mumbai,2026,wallBalls_time,-0.060992323197261,1104
9,oslo,2026,wallBalls_time,-0.02766080213873434,946
9,rome,2026,wallBalls_time,-0.00682217343836844,2309
9,salt-lake-city,2026,wallBalls_time,0.10121675350190129,982
9,shenzhen,2026,wallBalls_time,-0.015482280825401373,744
9,sydney,2026,wallBalls_time,-0.046190767450984715,2363
9,tenerife,2026,wallBalls_time,0.051492709817621884,682
9,washington-dc,2026,wallBalls_time,0.00814942051162415,2083
7,amsterdam,2024,roxzone_time,-0.12223236077312061,1901
7,anaheim,2024,roxzone_time,0.14295529969092002,624
7,auckland,2025,roxzone_time,-0.0013820554654417894,748
7,bangkok,2025,roxzone_time,0.07164360704640438,1132
7,barcelona,2025,roxzone_time,0.0006176485996938208,1942
7,beijing,2024,roxzone_time,-0.07765436907570489,259
7,berlin,2025,roxzone_time,0.2573841228192688,3210
7,bilbao,2025,roxzone_time,-0.08698408120248957,812
7,birmingham,2024,roxzone_time,0.10905978333550581,2437
7,brisbane,2024,roxzone_time,-0.09727505953620563,649
7,brisbane,2025,roxzone_time,0.04664133286217376,1447
7,cape-town,2024,roxzone_time,-0.022926533177827224,266
7,chicago-navy-pier,2024,roxzone_time,0.037701870034863694,877
7,ciudad-de-mexico,2024,roxzone_time,0.06317044343396017,471
7,copenhagen,2025,roxzone_time,-0.009875989077693714,1257
7,dallas,2024,roxzone_time,0.16293949204863933,824
7,dublin,2024,roxzone_time,-0.25416235558729827,1554
7,frankfurt,2024,roxzone_time,-0.004903426341089423,1582
7,glasgow,2025,roxzone_time,-0.25359561166316225,3107
7,guadalajara,2025,roxzone_time,0.39836956243466304,302
7,hamburg,2024,roxzone_time,0.08281203650168933,1177
7,heerenveen,2025,roxzone_time,0.15940072236502134,1520
7,hong-kong,2024,roxzone_time,-0.08043742210151006,761
7,houston,2025,roxzone_time,0.03881963106869435,1003
7,incheon,2024,roxzone_time,-0.07255909551369999,233
7,incheon,2025,roxzone_time,-0.07377486690111879,394
7,johannesburg-i,2025,roxzone_time,0.021220020140097606,873
7,johannesburg,2025,roxzone_time,-0.0010509765865610587,873
7,karlsruhe,2025,roxzone_time,-0.10892065642173032,1085
7,las-vegas,2025,roxzone_time,0.14119658606373298,1233
7,london,2024,roxzone_time,0.1310160295337004,2296
7,london,2025,roxzone_time,-0.18890908456913125,2408
7,madrid,2024,roxzone_time,0.17310637134499296,781
7,malaga,2025,roxzone_time,-0.06785820143763999,1629
7,manchester,2024,roxzone_time,-0.12635571698300785,1148
7,manchester,2025,roxzone_time,0.011674449082215821,1340
7,marseille,2024,roxzone_time,-0.003676422850291794,1322
7,melbourne,2024,roxzone_time,0.1811712238945551,1606
7,miami-beach,2025,roxzone_time,0.07323069079588507,1021
7,milan,2024,roxzone_time,0.14637400290465497,1252
7,monterrey,2025,roxzone_time,-0.07754901913465417,456
7,mumbai,2025,roxzone_time,0.04432984463491296,348
7,new-york,2025,roxzone_time,-0.2147612824667634,966
7,nice,2024,roxzone_time,0.06348437048462552,642
7,paris,2024,roxzone_time,0.059748815984587145,1384
7,paris,2025,roxzone_time,0.04273615203674419,2053
7,perth,2024,roxzone_time,0.18294306734489418,457
7,poznan,2024,roxzone_time,0.01415774293202432,838
7,riga,2025,roxzone_time,-0.23909547548568022,559
7,rimini,2025,roxzone_time,0.08556723130417598,1934
7,rotterdam,2025,roxzone_time,-0.05401014462987852,2113
7,shanghai,2025,roxzone_time,0.01093055361903228,471
7,sharjah,2025,roxzone_time,-0.11558366772314466,432
7,singapore-national-stadium,2024,roxzone_time,0.19719354614231066,696
7,singapore,2024,roxzone_time,-0.16229877199921539,692
7,stockholm,2024,roxzone_time,0.09953742625454431,1073
7,stuttgart,2024,roxzone_time,0.08796994918496015,813
7,sydney,2024,roxzone_time,-0.18881143661740463,611
7,taipei,2025,roxzone_time,-0.03508537597243089,583
7,toronto,2024,roxzone_time,0.19003624508831063,1001
7,toulouse,2025,roxzone_time,0.028374479472202285,1466
7,vienna,2025,roxzone_time,-0.18110165910126352,1101
7,warsaw,2025,roxzone_time,-0.21303916500578612,1654
8,acapulco,2025,roxzone_time,-0.07385633965444194,691
8,amsterdam,2026,roxzone_time,-0.06130450083655292,2940
8,anaheim,2025,roxzone_time,-0.03584256479514292,1523
8,apac-championship-brisbane,2026,roxzone_time,0.09722437697557917,541
8,atlanta,2025,roxzone_time,0.22095978699736296,709
8,auckland,2026,roxzone_time,-0.18744284539563394,959
8,bangkok,2026,roxzone_time,0.37079464740057944,2134
8,barcelona,2026,roxzone_time,-0.1194411984859084,1931
8,beijing,2025,roxzone_time,0.04782079653856175,712
8,beijing,2026,roxzone_time,0.23677555014648521,779
8,bengaluru,2026,roxzone_time,-0.038679957827478906,1020
8,berlin,2026,roxzone_time,0.9947279536658595,3980
8,bilbao,2026,roxzone_time,-0.12390380036147908,1040
8,birmingham,2025,roxzone_time,-0.030118030222686,4132
8,bologna,2026,roxzone_time,-0.025459193666448887,1723
8,bordeaux,2025,roxzone_time,0.025337165954635088,2409
8,boston,2025,roxzone_time,-0.09965644228724357,1580
8,brisbane,2026,roxzone_time,0.10686077937653482,1302
8,buenos-aires,2026,roxzone_time,-0.25231462322664444,185
8,cancun,2026,roxzone_time,0.20156195506507335,742
8,cape-town,2025,roxzone_time,-0.09010989290505234,677
8,cape-town,2026,roxzone_time,-0.21539991880216802,677
8,chicago,2025,roxzone_time,-0.08702849505734112,1461
8,cologne,2026,roxzone_time,-0.0984689938280442,1404
8,copenhagen,2026,roxzone_time,-0.05377270671193657,1371
8,dallas,2025,roxzone_time,-0.14097273024224033,1095
8,delhi,2025,roxzone_time,0.29042523430330247,514
8,dublin,2025,roxzone_time,-0.2980515846976549,2440
8,emea-london-olympia,2026,roxzone_time,-0.15671626929490579,1058
8,fortaleza,2026,roxzone_time,0.09992417773973639,239
8,frankfurt,2025,roxzone_time,-0.0008729794911861433,1883
8,gdansk,2025,roxzone_time,-0.04668696423829599,923
8,geneva,2025,roxzone_time,-0.06467191962962715,1121
8,gent,2025,roxzone_time,-0.038065020164145924,1607
8,glasgow,2026,roxzone_time,-0.28433005632559794,2582
8,guadalajara,2026,roxzone_time,-0.02698330062887444,585
8,hamburg,2025,roxzone_time,0.08880988218893116,2019
8,heerenveen,2026,roxzone_time,0.09223169601158165,1754
8,helsinki,2026,roxzone_time,-0.07890647869803069,802
8,hong-kong,2026,roxzone_time,0.5113514377036394,1224
8,houston,2026,roxzone_time,0.0631254760548805,1676
8,incheon,2026,roxzone_time,-0.12258332872313482,917
8,istanbul,2026,roxzone_time,0.33870229595639456,599
8,johannesburg,2025,roxzone_time,0.12812751887289164,608
8,johannesburg,2026,roxzone_time,0.05065215922912647,460
8,katowice,2026,roxzone_time,-0.3455114187236442,884
8,las-vegas,2026,roxzone_time,0.07463941895946147,1930
8,lisboa,2026,roxzone_time,-0.14104061460728823,971
8,london-excel,2025,roxzone_time,0.7413450694221064,5424
8,london-olympia,2026,roxzone_time,-0.1437010017725353,2660
8,lyon,2026,roxzone_time,0.07085724346242639,2288
8,maastricht,2025,roxzone_time,0.07838862039856198,2038
8,madrid,2025,roxzone_time,0.015220463927806183,2510
8,malaga,2026,roxzone_time,-0.06415590589223208,1676
8,manchester,2026,roxzone_time,-0.1621159222254498,2695
8,mechelen,2026,roxzone_time,0.08506300453314442,2585
8,melbourne,2025,roxzone_time,0.3177222060794498,2879
8,mexico-city,2025,roxzone_time,0.1299132635665441,1238
8,miami,2026,roxzone_time,-0.012418879050460019,1670
8,monterrey,2026,roxzone_time,0.13240118281729485,634
8,mumbai,2025,roxzone_time,0.042789880510371914,634
8,new-york,2026,roxzone_time,-0.08544661821684207,3620
8,nice,2026,roxzone_time,-0.08052650891271851,1956
8,osaka,2026,roxzone_time,0.17196936920131223,1048
8,oslo,2025,roxzone_time,-0.09622771612555492,1487
8,ottawa,2026,roxzone_time,-0.13392113900675628,1165
8,paris-gp,2026,roxzone_time,0.09567108202272268,2139
8,paris,2025,roxzone_time,-0.0631406034915103,2813
8,perth,2025,roxzone_time,0.22982910340199325,956
8,phoenix,2026,roxzone_time,-0.01638964724740899,1599
8,poznan,2025,roxzone_time,-0.21014723471060237,1476
8,puebla,2026,roxzone_time,0.09098540281972167,746
8,riga,2026,roxzone_time,-0.24531379549192445,763
8,rimini,2026,roxzone_time,-0.08786064491205725,2018
8,rio-de-janeiro,2025,roxzone_time,-0.07065638503610894,418
8,rome,2025,roxzone_time,0.011848881352345408,2455
8,rotterdam,2026,roxzone_time,-0.06144235249731811,2241
8,sao-paulo,2025,roxzone_time,0.12718589626606858,237
8,sao-paulo,2026,roxzone_time,0.05384184965364058,325
8,seoul,2025,roxzone_time,-0.04029829661347151,652
8,shanghai,2025,roxzone_time,0.27730036996858254,843
8,shanghai,2026,roxzone_time,0.1918159399780095,859
8,shenzhen,2025,roxzone_time,-0.13869941555949128,840
8,singapore-expo,2025,roxzone_time,0.07828202890375935,1125
8,singapore,2026,roxzone_time,0.0720476641440555,1049
8,st-gallen,2026,roxzone_time,0.050311448419410265,2672
8,stockholm,2025,roxzone_time,0.073228292480495,1842
8,stockholm,2026,roxzone_time,0.025526491291906872,1680
8,stuttgart,2025,roxzone_time,0.40404425442956526,1509
8,sydney,2025,roxzone_time,0.2630382778209941,1780
8,taipei,2026,roxzone_time,-0.017909538538717684,671
8,toronto,2025,roxzone_time,-0.015975785001456466,1551
8,toulouse,2026,roxzone_time,-0.1114649933161378,1717
8,turin,2026,roxzone_time,0.01980238514710364,1939
8,utrecht,2025,roxzone_time,-0.21845785178234156,1721
8,valencia,2025,roxzone_time,-0.08736886019187184,1456
8,vancouver,2025,roxzone_time,0.14633284249641387,706
8,verona,2025,roxzone_time,-0.026956967190425618,1936
8,vienna,2026,roxzone_time,-0.23724340814351086,196
8,warsaw,2026,roxzone_time,-0.24709594118546907,2100
8,washington-dc,2026,roxzone_time,0.03648412152120195,1026
8,wuhan,2026,roxzone_time,-0.009022320440968179,399
9,acapulco,2026,roxzone_time,0.2112513506992273,804
9,athens,2026,roxzone_time,0.023330724883616316,594
9,bangkok,2026,roxzone_time,0.0755933075025379,1392
9,beijing,2026,roxzone_time,-0.0035706716829255747,973
9,cape-town,2026,roxzone_time,-0.2449457985080018,472
9,chengdu,2026,roxzone_time,-0.16963244187138116,630
9,chiba,2026,roxzone_time,-0.1430180034548557,562
9,delhi,2026,roxzone_time,-0.12901158654725475,867
9,hangzhou,2026,roxzone_time,-0.22748465097084036,591
9,istanbul,2026,roxzone_time,0.2534666008705089,636
9,izmir,2026,roxzone_time,-0.16412541716221585,162
9,jakarta,2026,roxzone_time,0.09557517036621865,727
9,maastricht,2026,roxzone_time,0.05752351569939962,1860
9,mumbai,2026,roxzone_time,-0.07411079502334106,1104
9,oslo,2026,roxzone_time,-0.3213775431552496,946
9,rome,2026,roxzone_time,-0.019248526195694726,2309
9,salt-lake-city,2026,roxzone_time,0.32921677009557104,982
9,shenzhen,2026,roxzone_time,0.24029844979179904,744
9,sydney,2026,roxzone_time,0.20662097727061002,2363
9,tenerife,2026,roxzone_time,0.059822420468796045,682
9,washington-dc,2026,roxzone_time,0.0943789552407468,2083
7,amsterdam,2024,total_time,-0.004862129979531282,1901
7,anaheim,2024,total_time,0.04117279933519069,624
7,auckland,2025,total_time,0.04108028258290686,748
7,bangkok,2025,total_time,0.01529449021756335,1132
7,barcelona,2025,total_time,-0.0036386332339632954,1942
7,beijing,2024,total_time,-0.00016488156408855925,259
7,berlin,2025,total_time,-0.05830221727482299,3210
7,bilbao,2025,total_time,-0.01037489995563623,812
7,birmingham,2024,total_time,0.00962264115389111,2437
7,brisbane,2024,total_time,-0.009584173004915986,649
7,brisbane,2025,total_time,-0.008995546350615391,1447
7,cape-town,2024,total_time,0.022871237407199763,266
7,chicago-navy-pier,2024,total_time,0.0007042601811362292,877
7,ciudad-de-mexico,2024,total_time,0.09598060357836036,471
7,copenhagen,2025,total_time,-0.03390035638402866,1257
7,dallas,2024,total_time,0.04919409784010731,824
7,dublin,2024,total_time,-0.014413902565186931,1554
7,frankfurt,2024,total_time,-0.0038977666781648823,1582
7,glasgow,2025,total_time,-0.023749366065233257,3107
7,guadalajara,2025,total_time,0.08212905533594017,302
7,hamburg,2024,total_time,-0.026143506060942845,1177
7,heerenveen,2025,total_time,-0.013146187221810934,1520
7,hong-kong,2024,total_time,0.008638789234346467,761
7,houston,2025,total_time,0.025455322472954345,1003
7,incheon,2024,total_time,0.0077546518069187,233
7,incheon,2025,total_time,0.005538659290777792,394
7,johannesburg-i,2025,total_time,0.1200396422333243,873
7,johannesburg,2025,total_time,0.10046184543382863,873
7,karlsruhe,2025,total_time,0.006832717825534962,1085
7,las-vegas,2025,total_time,0.03737843425931531,1233
7,london,2024,total_time,0.0038467608984043,2296
7,london,2025,total_time,-0.03046844371906099,2408
7,madrid,2024,total_time,0.030921615367259125,781
7,malaga,2025,total_time,-0.015072842179459922,1629
7,manchester,2024,total_time,-0.002351986526777483,1148
7,manchester,2025,total_time,0.008000673164666239,1340
7,marseille,2024,total_time,-0.0033896495741074784,1322
7,melbourne,2024,total_time,0.0005554446872004792,1606
7,miami-beach,2025,total_time,0.005736246835757797,1021
7,milan,2024,total_time,0.056472896238186854,1252
7,monterrey,2025,total_time,0.04046080495673832,456
7,mumbai,2025,total_time,-0.00030232896655590924,348
7,new-york,2025,total_time,-0.002648971998480021,966
7,nice,2024,total_time,0.05586070762563855,642
7,paris,2024,total_time,0.038018973012585056,1384
7,paris,2025,total_time,-0.01768870449729687,2053
7,perth,2024,total_time,0.005501913558971783,457
7,poznan,2024,total_time,-0.001756213194302636,838
7,riga,2025,total_time,-0.0035782421049078694,559
7,rimini,2025,total_time,-0.00019373044804193995,1934
7,rotterdam,2025,total_time,0.00294927082260954,2113
7,shanghai,2025,total_time,0.0324909519804466,471
7,sharjah,2025,total_time,-0.011001159976622987,432
7,singapore-national-stadium,2024,total_time,0.08428720031088432,696
7,singapore,2024,total_time,0.014067305184548351,692
7,stockholm,2024,total_time,-0.010685958759635072,1073
7,stuttgart,2024,total_time,0.024162173661966824,813
7,sydney,2024,total_time,-0.0084235398634539,611
7,taipei,2025,total_time,0.0397820988138895,583
7,toronto,2024,total_time,0.022908874376270427,1001
7,toulouse,2025,total_time,0.03285526048095955,1466
7,vienna,2025,total_time,-0.03477447003441747,1101
7,warsaw,2025,total_time,-0.03863394463863212,1654
8,acapulco,2025,total_time,0.07110633079381423,691
8,amsterdam,2026,total_time,-0.03297722041147377,2940
8,anaheim,2025,total_time,0.04788480931008299,1523
8,apac-championship-brisbane,2026,total_time,-0.023558351124793542,541
8,atlanta,2025,total_time,0.018087532621379188,709
8,auckland,2026,total_time,0.026449661426322768,959
8,bangkok,2026,total_time,-0.018610083366434105,2134
8,barcelona,2026,total_time,-0.053502064358466606,1931
8,beijing,2025,total_time,0.012805405224690425,712
8,beijing,2026,total_time,-0.031897147975441964,779
8,bengaluru,2026,total_time,0.008432609719457362,1020
8,berlin,2026,total_time,-0.02275374409990405,3980
8,bilbao,2026,total_time,-0.047241897194973514,1040
8,birmingham,2025,total_time,-0.012810631196518152,4132
8,bologna,2026,total_time,-0.053353219128451035,1723
8,bordeaux,2025,total_time,-0.023927815728438828,2409
8,boston,2025,total_time,0.007892640566370623,1580
8,brisbane,2026,total_time,-0.017409176481327227,1302
8,buenos-aires,2026,total_time,-0.04658596382222946,185
8,cancun,2026,total_time,0.09855680421133961,742
8,cape-town,2025,total_time,0.03248458681304589,677
8,cape-town,2026,total_time,0.010384370857976721,677
8,chicago,2025,total_time,0.010310559870459368,1461
8,cologne,2026,total_time,-0.020650921512451736,1404
8,copenhagen,2026,total_time,-0.020778730718250316,1371
8,dallas,2025,total_time,0.02030673561109375,1095
8,delhi,2025,total_time,0.03914315717425065,514
8,dublin,2025,total_time,-0.03463999559351827,2440
8,emea-london-olympia,2026,total_time,-0.04875074035082816,1058
8,fortaleza,2026,total_time,0.0036737360658172236,239
8,frankfurt,2025,total_time,-0.01113908286464016,1883
8,gdansk,2025,total_time,-0.010567589610220307,923
8,geneva,2025,total_time,-0.005380342690617268,1121
8,gent,2025,total_time,-0.019435929345328007,1607
8,glasgow,2026,total_time,-0.022472901344599783,2582
8,guadalajara,2026,total_time,0.06360625106256856,585
8,hamburg,2025,total_time,-0.010313598004875413,2019
8,heerenveen,2026,total_time,-0.04800510826473403,1754
8,helsinki,2026,total_time,-0.061891507468982865,802
8,hong-kong,2026,total_time,-0.027023052394572256,1224
8,houston,2026,total_time,0.009271921771023539,1676
8,incheon,2026,total_time,-0.04368315937402756,917
8,istanbul,2026,total_time,-0.0325660385011064,599
8,johannesburg,2025,total_time,0.10869611159256576,608
8,johannesburg,2026,total_time,0.022746550027782364,460
8,katowice,2026,total_time,-0.035352985608868015,884
8,las-vegas,2026,total_time,0.011050376703755527,1930
8,lisboa,2026,total_time,-0.02316483804836378,971
8,london-excel,2025,total_time,-0.03685974338996745,5424
8,london-olympia,2026,total_time,-0.03781663697620319,2660
8,lyon,2026,total_time,-0.03193494895521898,2288
8,maastricht,2025,total_time,0.03637990963977189,2038
8,madrid,2025,total_time,0.003103709444394198,2510
8,malaga,2026,total_time,-0.05287318299395005,1676
8,manchester,2026,total_time,-0.0003684935957521951,2695
8,mechelen,2026,total_time,-0.04223394109105838,2585
8,melbourne,2025,total_time,-0.02979505652840242,2879
8,mexico-city,2025,total_time,0.10850511703380183,1238
8,miami,2026,total_time,0.002929516219049244,1670
8,monterrey,2026,total_time,0.04288965130499789,634
8,mumbai,2025,total_time,0.024705092729724765,634
8,new-york,2026,total_time,0.018613471902642065,3620
8,nice,2026,total_time,-0.020624820911750774,1956
8,osaka,2026,total_time,-0.014042051264674726,1048
8,oslo,2025,total_time,-0.0035752091358419724,1487
8,ottawa,2026,total_time,0.007150757556392939,1165
8,paris-gp,2026,total_time,-0.030935520673495476,2139
8,paris,2025,total_time,0.0240915224060394,2813
8,perth,2025,total_time,0.0029426623283557163,956
8,phoenix,2026,total_time,0.016782884592152048,1599
8,poznan,2025,total_time,-0.019540391401143276,1476
8,puebla,2026,total_time,0.12693660313001498,746
8,riga,2026,total_time,-0.034492770876342504,763
8,rimini,2026,total_time,-0.00684872079070642,2018
8,rio-de-janeiro,2025,total_time,0.018050866555576528,418
8,rome,2025,total_time,-0.0004132138085972681,2455
8,rotterdam,2026,total_time,-0.022429066738894665,2241
8,sao-paulo,2025,total_time,0.0811018364355578,237
8,sao-paulo,2026,total_time,0.014977254401793871,325
8,seoul,2025,total_time,-0.03612989448355475,652
8,shanghai,2025,total_time,-0.020828912524316734,843
8,shanghai,2026,total_time,-0.02925421241210302,859
8,shenzhen,2025,total_time,0.0014019369567501716,840
8,singapore-expo,2025,total_time,-0.010850851318430665,1125
8,singapore,2026,total_time,0.03253707394211558,1049
8,st-gallen,2026,total_time,0.04762406650284601,2672
8,stockholm,2025,total_time,-0.0288872799701283,1842
8,stockholm,2026,total_time,0.002476362347098471,1680
8,stuttgart,2025,total_time,0.0019323369636035093,1509
8,sydney,2025,total_time,-0.014865138291009772,1780
8,taipei,2026,total_time,-0.02657518386126878,671
8,toronto,2025,total_time,0.048412652374478116,1551
8,toulouse,2026,total_time,-0.027819286296521972,1717
8,turin,2026,total_time,-0.005027648491704784,1939
8,utrecht,2025,total_time,0.015474361732626507,1721
8,valencia,2025,total_time,0.012439919077136485,1456
8,vancouver,2025,total_time,0.0037015362857690803,706
8,verona,2025,total_time,-0.018172724833793175,1936
8,vienna,2026,total_time,-0.018494880703797012,196
8,warsaw,2026,total_time,-0.06717076964846536,2100
8,washington-dc,2026,total_time,0.019987602091085854,1026
8,wuhan,2026,total_time,0.021589256632858156,399
9,acapulco,2026,total_time,0.03260511682749612,804
9,athens,2026,total_time,-0.04115427457363452,594
9,bangkok,2026,total_time,-0.05744567911714238,1392
9,beijing,2026,total_time,-0.06808953536739715,973
9,cape-town,2026,total_time,-0.031182725819533852,472
9,chengdu,2026,total_time,-0.01843646667694232,630
9,chiba,2026,total_time,-0.02631668747641236,562
9,delhi,2026,total_time,-0.002190664723253577,867
9,hangzhou,2026,total_time,0.002316954282472139,591
9,istanbul,2026,total_time,-0.06309506350903837,636
9,izmir,2026,total_time,-0.0327440218472933,162
9,jakarta,2026,total_time,-0.026845435277665697,727
9,maastricht,2026,total_time,-0.017550013920189178,1860
9,mumbai,2026,total_time,-0.02745693313641573,1104
9,oslo,2026,total_time,-0.03244916729454295,946
9,rome,2026,total_time,-0.025899963867181408,2309
9,salt-lake-city,2026,total_time,0.03560484090836824,982
9,shenzhen,2026,total_time,-0.04878354667929663,744
9,sydney,2026,total_time,-0.040165047783131125,2363
9,tenerife,2026,total_time,0.04001041714566789,682
9,washington-dc,2026,total_time,-0.014720086770658947,2083
